Variant SKU,Variant Title,Product Title,Product Handle,Product Collection Id,Product Type Id,Product Tag 1,Variant Price EUR,Product Tag 3,Product Tag 2,Product Weight,Product Status,Product Discountable,Variant Manage Inventory,Variant Allow Backorder,Product Thumbnail
3154551549642,Default,CHAPEAU PIED DE POTEAU 7X7X7,chapeau-pied-de-poteau-7x7x7,BRICOLAGE,QUINCAILLERIE,NORAIL 2020,1.20,56,G5,75,published,TRUE,TRUE,FALSE,
3600070987385,Default,ADAPT MALE 20X27,adapt-male-20x27,JARDIN,ARROSAGE,BRICODEAL,1.20,10,H6,10,published,TRUE,TRUE,FALSE,
8717729112595,Default,RAC TUYAU SOUPLE 1/2 - 5/8,rac-tuyau-souple-1-2-5-8,JARDIN,ARROSAGE,ZENTRADA,1.20,20,H1,25,published,TRUE,TRUE,FALSE,
8720812429937,Default,MINI PELLE PLOASTIQUE,mini-pelle-ploastique,JARDIN,OUTILS DE JARDIN,ZENTRADA,1.20,7,A7,90,published,TRUE,TRUE,FALSE,
8721178202073,Default,KIT 2 OUTILS DE JARDIN,kit-2-outils-de-jardin,JARDIN,OUTILS DE JARDIN,ZENTRADA,1.20,24,D3,95,published,TRUE,TRUE,FALSE,
3086960203832,Default,SOUCOUPE MARINA GRIS 26CM,soucoupe-marina-gris-26cm,JARDIN,POTERIE PLASTIQUE,BRICODEAL,1.20,1,A4,110,published,TRUE,TRUE,FALSE,
3157060914765,Default,BAC RONDA 14 STONE,bac-ronda-14-stone,JARDIN,POTERIE PLASTIQUE,LEDUC LUBOT,1.20,8,A4,50,published,TRUE,TRUE,FALSE,
3580797120770,Default,SOUCOUPE RONDE 20 GRIS,soucoupe-ronde-20-gris,JARDIN,POTERIE PLASTIQUE,LEDUC LUBOT,1.20,6,A4,60,published,TRUE,TRUE,FALSE,
3157060914772,Default,BAC RONDA 14 GRIS,bac-ronda-14-gris,JARDIN,POTERIE PLASTIQUE,LEDUC LUBOT,1.20,12,A4,50,published,TRUE,TRUE,FALSE,
3700473345833,Default,CAPSULE TO63 RUCHE LE SACHET D,capsule-to63-ruche-le-sachet-d,APICULTURE,ACCESSOIRES,LA JOCONDIENNE,2.40,2,B5,80,published,TRUE,TRUE,FALSE,
3087914504302,Default,PINCEAU PLAT BI-MAT LASURE T30,pinceau-plat-bi-mat-lasure-t30,BRICOLAGE,OUTILS,DOD,2.40,1,G7,40,published,TRUE,TRUE,FALSE,
3087915005075,Default,BAC PIENTURE ANTIGLISS,bac-pienture-antigliss,BRICOLAGE,OUTILS,DOD,2.40,2,E4,130,published,TRUE,TRUE,FALSE,
5400204932193,Default,DIVERS BAC D20,divers-bac-d20,JARDIN,POTERIE PLASTIQUE,DIVERS,6.00,1,B3,72,published,TRUE,TRUE,FALSE,
3660529030346,Default,T SHIRT CITYGARD XL,t-shirt-citygard-xl,TEXTILE,VETEMENTS DE TRAVAIL,DIVERS,6.00,1,G10,270,published,TRUE,TRUE,FALSE,
3354122000033,Default,GAZON REGARNISSAGE ENRICHI 500G,gazon-regarnissage-enrichi-500g,JARDIN,GAZON,CATROS GERAND,6.60,6,D2,600,published,TRUE,TRUE,FALSE,
3354122000019,Default,GAZON RUSTIQUE ENRICHI 500G,gazon-rustique-enrichi-500g,JARDIN,GAZON,CATROS GERAND,6.60,17,D2,600,published,TRUE,TRUE,FALSE,
3308087000119,Default,GUEPES - LIQUIDE CONCENTRE POUR PIEGE A GUEPES - 500 ML,guepes-liquide-concentre-pour-piege-a-guepes-500-ml,ANTI NUISIBLES,INSECTICIDES,PROTECTA 2020,10.80,2,A6,700,published,TRUE,TRUE,FALSE,
3354122010032,Default,GAZON REGARNISSAGE 1KG (50 M2),gazon-regarnissage-1kg-50-m2,JARDIN,GAZON,CATROS GERAND,9.90,4,D2,1200,published,TRUE,TRUE,FALSE,
3770017416053,Default,45 ALLUMEURS POUR ENFUMOIR,45-allumeurs-pour-enfumoir,APICULTURE,ACCESSOIRES,LA JOCONDIENNE,13.20,5,B4,380,published,TRUE,TRUE,FALSE,
5903347007860,Default,SET ARROSAGE PLANTES,set-arrosage-plantes,JARDIN,ARROSAGE,ZENTRADA,14.40,4,H5,610,published,TRUE,TRUE,FALSE,
3473832017848,Default,ORAGE VESTE DE PLUIE MARINE T5,orage-veste-de-pluie-marine-t5,TEXTILE,VETEMENTS DE TRAVAIL,LMA LEBEURRE2021,28.80,2,F3,1400,published,TRUE,TRUE,FALSE,
3354120579043,Default,GAZON ESPACES VERTS 5KG,gazon-espaces-verts-5kg,JARDIN,GAZON,CATROS GERAND,38.50,4,C4,5300,published,TRUE,TRUE,FALSE,
3473831819719,Default,PREVENTION PARKA 4EN1 HAUTE VISIBILITE ORANGE FLUO/MARINE T6,prevention-parka-4en1-haute-visibilite-orange-fluo-marine-t6,TEXTILE,VETEMENTS DE TRAVAIL,LMA LEBEURRE2021,75.60,1,F4,2000,published,TRUE,TRUE,FALSE,
3274590517232,Default,EQUERRE CHAISE BR ZG 40X40X15,equerre-chaise-br-zg-40x40x15,BRICOLAGE,QUINCAILLERIE,NORAIL,0.20,17,EXT,200,published,TRUE,TRUE,FALSE,
3274590517225,Default,EQUERRE CHAISE BR ZG 30X30X15,equerre-chaise-br-zg-30x30x15,BRICOLAGE,QUINCAILLERIE,NORAIL,0.20,50,EXT,200,published,TRUE,TRUE,FALSE,
3274590517119,Default,PATTE ASSEMBLAGE BR ZG 80X15,patte-assemblage-br-zg-80x15,BRICOLAGE,QUINCAILLERIE,NORAIL,0.25,17,EXT,200,published,TRUE,TRUE,FALSE,
3274590517126,Default,PATTE ASSEMBLAGE BR ZG 100X15,patte-assemblage-br-zg-100x15,BRICOLAGE,QUINCAILLERIE,NORAIL,0.25,22,EXT,200,published,TRUE,TRUE,FALSE,
3274590517249,Default,EQUERRE CHAISE BR ZG 50X50X15,equerre-chaise-br-zg-50x50x15,BRICOLAGE,QUINCAILLERIE,NORAIL,0.25,34,EXT,200,published,TRUE,TRUE,FALSE,
3274590517256,Default,EQUERRE CHAISE BR ZG 60X60X15,equerre-chaise-br-zg-60x60x15,BRICOLAGE,QUINCAILLERIE,NORAIL,0.30,25,EXT,200,published,TRUE,TRUE,FALSE,
2001001010478,Default,POT EN VERRE 125G A L'UNITE,pot-en-verre-125g-a-l-unite,CONSERVERIE,BOCAUX,DIVERS,0.30,132,E5,175,published,TRUE,TRUE,FALSE,
3274590517379,Default,EQUERRE CADRE BR ZG 60X60X16,equerre-cadre-br-zg-60x60x16,BRICOLAGE,QUINCAILLERIE,NORAIL,0.34,37,EXT,60,published,TRUE,TRUE,FALSE,
3154550229668,Default,EQUERRE MULTITROU 40X40X60X2,equerre-multitrou-40x40x60x2,BRICOLAGE,QUINCAILLERIE,NORAIL 2020,0.45,28,EXT,200,published,TRUE,TRUE,FALSE,
3274590517263,Default,EQUERRE CHAISE BR ZG 80X80X15,equerre-chaise-br-zg-80x80x15,BRICOLAGE,QUINCAILLERIE,NORAIL,0.45,25,EXT,200,published,TRUE,TRUE,FALSE,
3274590517386,Default,EQUERRE CADRE BR ZG 80X80X16,equerre-cadre-br-zg-80x80x16,BRICOLAGE,QUINCAILLERIE,NORAIL,0.45,48,EXT,200,published,TRUE,TRUE,FALSE,
3086960241292,Default,SOUCOUPE MARINA R RUBIS 15CM,soucoupe-marina-r-rubis-15cm,JARDIN,POTERIE PLASTIQUE,BRICODEAL,0.45,1,A4,20,published,TRUE,TRUE,FALSE,
3366440101026,Default,PIEGE A SOURIS SOCLE BOIS EN VRAC,piege-a-souris-socle-bois-en-vrac,ANTI NUISIBLES,PIEGE,MASY 2020,0.49,61,E4,30,published,TRUE,TRUE,FALSE,
3086960241308,Default,SOUCOUPE MARINA R RUBIS 17CM,soucoupe-marina-r-rubis-17cm,JARDIN,POTERIE PLASTIQUE,BRICODEAL,0.49,1,A4,25,published,TRUE,TRUE,FALSE,
2001001010591,Default,TIGE FILETEE EN 6 (JAUNE),tige-filetee-en-6-jaune,BRICOLAGE,QUINCAILLERIE,NORAIL,0.50,36,EXT,1500,published,TRUE,TRUE,FALSE,
3086960203771,Default,SOUCOUPE MARINA GRIS 15CM,soucoupe-marina-gris-15cm,JARDIN,POTERIE PLASTIQUE,BRICODEAL,0.50,2,A4,20,published,TRUE,TRUE,FALSE,
3154550229828,Default,PLATINE MULTITROUS 120X40X2,platine-multitrous-120x40x2,BRICOLAGE,QUINCAILLERIE,NORAIL 2020,0.60,5,EXT,200,published,TRUE,TRUE,FALSE,
3154550229682,Default,"EQUERRE MULTITROU 60X60X60X2,5",equerre-multitrou-60x60x60x2-5,BRICOLAGE,QUINCAILLERIE,NORAIL 2020,0.60,20,EXT,200,published,TRUE,TRUE,FALSE,
8718375338919,Default,RAC TUYAU 1/2 - 3/4,rac-tuyau-1-2-3-4,JARDIN,ARROSAGE,ZENTRADA,0.60,46,H1,20,published,TRUE,TRUE,FALSE,
8720812426233,Default,CONNECTEUR DE TUYAU,connecteur-de-tuyau,JARDIN,ARROSAGE,ZENTRADA,0.60,19,H1,30,published,TRUE,TRUE,FALSE,
3580797115776,Default,SOUCOUPE RONDE 15 GRIS,soucoupe-ronde-15-gris,JARDIN,POTERIE PLASTIQUE,LEDUC LUBOT,0.70,1,A4,20,published,TRUE,TRUE,FALSE,
3086960241315,Default,SOUCOUPE MARINA R RUBIS 21 CM,soucoupe-marina-r-rubis-21-cm,JARDIN,POTERIE PLASTIQUE,BRICODEAL,0.75,1,A4,40,published,TRUE,TRUE,FALSE,
2001001010102,Default,ABREUVOIR OISEAUX PETIT,abreuvoir-oiseaux-petit,OISEAUX,ACCESSOIRES,DIVERS,0.75,7,G2,20,published,TRUE,TRUE,FALSE,
8717729112502,Default,RAC TUYAU 1/2 - 5/8,rac-tuyau-1-2-5-8,JARDIN,ARROSAGE,ZENTRADA,0.90,45,H1,15,published,TRUE,TRUE,FALSE,
8718375338926,Default,2 CONNECTEURS TUYAU,2-connecteurs-tuyau,JARDIN,ARROSAGE,ZENTRADA,0.90,24,H1,40,published,TRUE,TRUE,FALSE,
2001001010607,Default,TOILE VERT 1.05 M DE LARGE (LE ML),toile-vert-1-05-m-de-large-le-ml,JARDIN,PAILLAGE,INTERMAS FRANCE,0.94,50,EXT,1500,published,TRUE,TRUE,FALSE,
3760059709039,Default,PIEGE A RAT SOCLE BOIS EN VRAC,piege-a-rat-socle-bois-en-vrac,ANTI NUISIBLES,PIEGE,MASY 2020,0.99,5,E4,160,published,TRUE,TRUE,FALSE,
3154550229750,Default,EQUERRE RENFORCEE 50X90X55X3,equerre-renforcee-50x90x55x3,BRICOLAGE,QUINCAILLERIE,NORAIL 2020,0.99,8,EXT,200,published,TRUE,TRUE,FALSE,
3261230503007,Default,RAPHIA NATUREL EN BOTTE DE  50G,raphia-naturel-en-botte-de-50g,JARDIN,ACCESSOIRES,LEDUC LUBOT,0.99,23,H2,60,published,TRUE,TRUE,FALSE,
8015825014523,Default,RAIDISSEURS GALVA. VERT,raidisseurs-galva-vert,JARDIN,GRILLAGES ET CLÔTURES FIXES,CAVATORTA,0.99,8,H1,100,published,TRUE,TRUE,FALSE,
8015825014516,Default,RAIDISSEURS GALVA. N.3,raidisseurs-galva-n-3,JARDIN,GRILLAGES ET CLÔTURES FIXES,CAVATORTA,1.00,87,H1,100,published,TRUE,TRUE,FALSE,
8720195794608,Default,PELLE JARDIN PLASTIQUE,pelle-jardin-plastique,JARDIN,OUTILS DE JARDIN,ZENTRADA,1.05,45,A7,70,published,TRUE,TRUE,FALSE,
3600070987590,Default,RACCORD RAPIDE UNIVERSEL 13-15-19,raccord-rapide-universel-13-15-19,JARDIN,ARROSAGE,BRICODEAL,1.10,8,H7,50,published,TRUE,TRUE,FALSE,
3600078860215,Default,RAC REPAR CONNECT ABS 13-15,rac-repar-connect-abs-13-15,JARDIN,ARROSAGE,BRICODEAL,1.10,8,H6,20,published,TRUE,TRUE,FALSE,
2001001010577,Default,TIGE FILETEE EN 10 ( MARRON),tige-filetee-en-10-marron,BRICOLAGE,QUINCAILLERIE,NORAIL,1.25,24,EXT,1500,published,TRUE,TRUE,FALSE,
3600078860222,Default,RAC REP ABS D19,rac-rep-abs-d19,JARDIN,ARROSAGE,BRICODEAL,1.25,8,H7,35,published,TRUE,TRUE,FALSE,
3086960203658,Default,POT MARINA GRIS FONCE 18CM,pot-marina-gris-fonce-18cm,JARDIN,POTERIE PLASTIQUE,BRICODEAL,1.25,2,B3,70,published,TRUE,TRUE,FALSE,
3086960241230,Default,POT MARINA R RUBIS 18CM,pot-marina-r-rubis-18cm,JARDIN,POTERIE PLASTIQUE,BRICODEAL,1.25,1,B3,70,published,TRUE,TRUE,FALSE,
3700473311579,Default,CABOCHON NOURRISSEUR NICOT,cabochon-nourrisseur-nicot,APICULTURE,ACCESSOIRES,LA JOCONDIENNE,1.30,1,B3,60,published,TRUE,TRUE,FALSE,
3700473319216,Default,CHASSE ABEILLES LE LOSANGE,chasse-abeilles-le-losange,APICULTURE,ACCESSOIRES,LA JOCONDIENNE,1.35,1,B3,60,published,TRUE,TRUE,FALSE,
3700473308647,Default,PORTE STANDARD 8.5 MM PLAST NI,porte-standard-8-5-mm-plast-ni,APICULTURE,ACCESSOIRES,LA JOCONDIENNE,1.35,12,B3,55,published,TRUE,TRUE,FALSE,
3700473308654,Default,PORTE ANTI FRELON PLASTIQUE NI,porte-anti-frelon-plastique-ni,APICULTURE,ACCESSOIRES,LA JOCONDIENNE,1.35,10,B3,55,published,TRUE,TRUE,FALSE,
3700473312668,Default,FIXE ELEMENTS LA POCHETTE DE 2,fixe-elements-la-pochette-de-2,APICULTURE,ACCESSOIRES,LA JOCONDIENNE,1.35,3,B3,40,published,TRUE,TRUE,FALSE,
3087914416407,Default,PINCEAU PLAT TTE PEINTURE T40,pinceau-plat-tte-peinture-t40,BRICOLAGE,OUTILS,DOD,1.35,2,G7,45,published,TRUE,TRUE,FALSE,
2001001011055,Default,TOILE DE PAILLAGE1.50 M  (LE ML),toile-de-paillage1-50-m-le-ml,JARDIN,ACCESSOIRES,LEDUC LUBOT JANNY,1.35,80,EXT,200,published,TRUE,TRUE,FALSE,
3580791317008,Default,POT ORCHIDEE TRANSPARENT EN 17,pot-orchidee-transparent-en-17,JARDIN,POTERIE PLASTIQUE,LEDUC LUBOT,1.35,10,B3,40,published,TRUE,TRUE,FALSE,
2001001010096,Default,ABREUVOIR OISEAUX MOYEN,abreuvoir-oiseaux-moyen,OISEAUX,ACCESSOIRES,DIVERS,1.35,19,G2,30,published,TRUE,TRUE,FALSE,
2001001010850,Default,SEMENCE 1,semence-1,POTAGER,GRAINES POTAGERES,CATROS GERAND,1.25,127,F2,10,published,TRUE,TRUE,FALSE,
3700473312057,Default,ENTREE 220 MM / 35 MM U,entree-220-mm-35-mm-u,APICULTURE,ACCESSOIRES,LA JOCONDIENNE,1.45,9,A5,35,published,TRUE,TRUE,FALSE,
3154551537519,Default,PLATINE MULTITROUS 200X100X2,platine-multitrous-200x100x2,BRICOLAGE,QUINCAILLERIE,NORAIL 2020,1.45,12,EXT,200,published,TRUE,TRUE,FALSE,
8717729112564,Default,RAC RAPIDE + BUTEE 1/2 - 5/8,rac-rapide-butee-1-2-5-8,JARDIN,ARROSAGE,ZENTRADA,1.45,24,H1,40,published,TRUE,TRUE,FALSE,
3086960241339,Default,SOUCOUPE MARINA R RUBIS 30CM,soucoupe-marina-r-rubis-30cm,JARDIN,POTERIE PLASTIQUE,BRICODEAL,1.45,1,A4,100,published,TRUE,TRUE,FALSE,
8719274343257,Default,FIL DE COUPE 15M X 2MM,fil-de-coupe-15m-x-2mm,JARDIN,ACCESSOIRES,ZENTRADA,1.49,8,A7,80,published,TRUE,TRUE,FALSE,
3700473312101,Default,ENTREE 380 MM / 35 MPM U,entree-380-mm-35-mpm-u,APICULTURE,ACCESSOIRES,LA JOCONDIENNE,1.50,11,A5,60,published,TRUE,TRUE,FALSE,
2001001010089,Default,ABREUVOIR OISEAUX GRAND,abreuvoir-oiseaux-grand,OISEAUX,ACCESSOIRES,DIVERS,1.50,10,G2,70,published,TRUE,TRUE,FALSE,
3700473312064,Default,ENTREE 250 MM / 35 MM U,entree-250-mm-35-mm-u,APICULTURE,ACCESSOIRES,LA JOCONDIENNE,1.54,7,A5,40,published,TRUE,TRUE,FALSE,
3700473330402,Default,SEAU PLASTIQUE 5 KG BLANC SANS,seau-plastique-5-kg-blanc-sans,APICULTURE,ACCESSOIRES,LA JOCONDIENNE,1.55,3,B3,120,published,TRUE,TRUE,FALSE,
3700473316161,Default,PANNEU ATTENTION ABEILLES 300X,panneu-attention-abeilles-300x,APICULTURE,ACCESSOIRES,LA JOCONDIENNE,1.60,4,A3,50,published,TRUE,TRUE,FALSE,
3700393900020,Default,MANGEOIRE POUSSIN 50CM,mangeoire-poussin-50cm,BASSE COURS,ACCESSOIRES,LOOS ALIMENTS,1.65,2,G2,180,published,TRUE,TRUE,FALSE,
3261235901402,Default,SEMOIR MANUEL REGLABLE,semoir-manuel-reglable,JARDIN,ACCESSOIRES,LEDUC LUBOT JANNY,1.65,13,A7,30,published,TRUE,TRUE,FALSE,
3274590121187,Default,CHARN CARRE 30X30 AC ZG X2,charn-carre-30x30-ac-zg-x2,BRICOLAGE,QUINCAILLERIE,NORAIL,1.70,5,G7,30,published,TRUE,TRUE,FALSE,
3039660120992,Default,RONDELLES UNIVERSELLES D 70 - SACHET 10 - LE PARFAIT,rondelles-universelles-d-70-sachet-10-le-parfait,CONSERVERIE,RONDELLES,CDP 2021,1.70,5,D4,110,published,TRUE,TRUE,FALSE,
3600078860178,Default,RAC CONNECT ABS D13-15,rac-connect-abs-d13-15,JARDIN,ARROSAGE,BRICODEAL,1.70,8,H5,25,published,TRUE,TRUE,FALSE,
3274590121873,Default,CHARN RECT 40X25 AC ZG X2,charn-rect-40x25-ac-zg-x2,BRICOLAGE,QUINCAILLERIE,NORAIL,1.80,5,G8,60,published,TRUE,TRUE,FALSE,
2001001010560,Default,TIGE FILETEE EN 12 (VERT),tige-filetee-en-12-vert,BRICOLAGE,QUINCAILLERIE,NORAIL,1.80,17,EXT,1500,published,TRUE,TRUE,FALSE,
8718692622289,Default,LIEN TORSADE X2 0.7MM,lien-torsade-x2-0-7mm,JARDIN,ACCESSOIRES,ZENTRADA,1.80,20,H3,150,published,TRUE,TRUE,FALSE,
3600070989402,Default,NEZ ROBINET LOCK 15X21,nez-robinet-lock-15x21,JARDIN,ARROSAGE,BRICODEAL,1.80,6,H5,15,published,TRUE,TRUE,FALSE,
3359192002208,Default,LIAISON 32/32 38/38 32/38,liaison-32-32-38-38-32-38,PISCINE,ACCESSOIRES,BRICODEAL,1.80,2,G1,50,published,TRUE,TRUE,FALSE,
8721178200246,Default,THERMOMETRE METAL NOIR 30CM,thermometre-metal-noir-30cm,JARDIN,ACCESSOIRES,ZENTRADA,1.85,10,A5,160,published,TRUE,TRUE,FALSE,
3600078860185,Default,RACCORD  CONNECT ABS D19,raccord-connect-abs-d19,JARDIN,ARROSAGE,BRICODEAL,1.85,8,H6,35,published,TRUE,TRUE,FALSE,
8717729111277,Default,ROBINET 1/2,robinet-1-2,JARDIN,ARROSAGE,ZENTRADA,1.89,10,G9,90,published,TRUE,TRUE,FALSE,
8720195797630,Default,PELLE DE JARDIN MANCHE BOIS,pelle-de-jardin-manche-bois,JARDIN,OUTILS DE JARDIN,ZENTRADA,1.89,10,A7,150,published,TRUE,TRUE,FALSE,
3154551439097,Default,MOUSQUETON ALPIN SIMPLE 50 MM GALVA,mousqueton-alpin-simple-50-mm-galva,BRICOLAGE,QUINCAILLERIE,NORAIL 2020,1.90,3,G7,25,published,TRUE,TRUE,FALSE,
2001001010867,Default,SEMENCE 2,semence-2,POTAGER,GRAINES POTAGERES,CATROS GERAND,1.70,90,F2,10,published,TRUE,TRUE,FALSE,
3154551005537,Default,POIGNEE RONDE 165 145 NOIR,poignee-ronde-165-145-noir,BRICOLAGE,QUINCAILLERIE,NORAIL,1.95,6,B3,100,published,TRUE,TRUE,FALSE,
3600078860192,Default,RACCORD STOP ABS D13-15,raccord-stop-abs-d13-15,JARDIN,ARROSAGE,BRICODEAL,1.95,4,H6,25,published,TRUE,TRUE,FALSE,
8719202438772,Default,TETE D ARROSAGE 4 PIECES,tete-d-arrosage-4-pieces,JARDIN,ARROSAGE,ZENTRADA,1.95,12,H1,110,published,TRUE,TRUE,FALSE,
3353090086742,Default,GANTS T7 MULTI-USAGE,gants-t7-multi-usage,JARDIN,GANTS ET PROTECTION,ROSTAING,1.95,3,A3,100,published,TRUE,TRUE,FALSE,
3274590121880,Default,CHARN RECT 50X30 AC ZG X2,charn-rect-50x30-ac-zg-x2,BRICOLAGE,QUINCAILLERIE,NORAIL,2.00,5,G7,45,published,TRUE,TRUE,FALSE,
3274590210201,Default,BUTEE SOL 30 15  CAOUT BGE,butee-sol-30-15-caout-bge,BRICOLAGE,QUINCAILLERIE,NORAIL,2.00,5,G8,40,published,TRUE,TRUE,FALSE,
8718026584788,Default,LIEN TORSADE 100 M,lien-torsade-100-m,JARDIN,ACCESSOIRES,ZENTRADA,2.00,18,H1,230,published,TRUE,TRUE,FALSE,
3600070989426,Default,NEZ ROBINET LOCK 20X27,nez-robinet-lock-20x27,JARDIN,ARROSAGE,BRICODEAL,2.00,9,H6,25,published,TRUE,TRUE,FALSE,
8718375338940,Default,RAC 2 VOIES 1/2 - 3/4,rac-2-voies-1-2-3-4,JARDIN,ARROSAGE,ZENTRADA,2.00,12,H1,80,published,TRUE,TRUE,FALSE,
3087914416506,Default,PINCEAU PLAT TTE PEINTURE T50,pinceau-plat-tte-peinture-t50,BRICOLAGE,OUTILS,DOD,2.00,1,G7,50,published,TRUE,TRUE,FALSE,
3660291001680,Default,ABREUVOIR VOLAILLE SIPHOIDE 1.5L,abreuvoir-volaille-siphoide-1-5l,BASSE COURS,ACCESSOIRES,LOOS ALIMENTS,2.10,5,G3,150,published,TRUE,TRUE,FALSE,
3274590121194,Default,CHARN CARRE 40X40 AC ZG X2,charn-carre-40x40-ac-zg-x2,BRICOLAGE,QUINCAILLERIE,NORAIL,2.10,5,H2,45,published,TRUE,TRUE,FALSE,
3154550229736,Default,EQUER ASSEMB RENF 90X90X65X2.5,equer-assemb-renf-90x90x65x2-5,BRICOLAGE,QUINCAILLERIE,NORAIL 2020,2.10,38,EXT,200,published,TRUE,TRUE,FALSE,
3039660121043,Default,RONDELLES UNIVERSELLES D 100 - SACHET 10 - LE PARFAIT,rondelles-universelles-d-100-sachet-10-le-parfait,CONSERVERIE,RONDELLES,CDP 2021,2.10,36,D4,170,published,TRUE,TRUE,FALSE,
3261230502000,Default,LIEN ARME AVEC CUTTER,lien-arme-avec-cutter,JARDIN,ACCESSOIRES,LEDUC LUBOT JANNY,2.15,18,H1,10,published,TRUE,TRUE,FALSE,
8720195794646,Default,PLUVIOMETRE + SUPPORT,pluviometre-support,JARDIN,ACCESSOIRES,ZENTRADA,2.20,8,A7,120,published,TRUE,TRUE,FALSE,
8720812426738,Default,MINI RATEAU DE JARDIN MANCHE B,mini-rateau-de-jardin-manche-b,JARDIN,OUTILS DE JARDIN,ZENTRADA,2.20,9,D2,185,published,TRUE,TRUE,FALSE,
4018653836705,Default,LAISSE ETROITE MIAMI,laisse-etroite-miami,ANIMALERIE,LAISSE,DIVERS,2.25,10,G0,100,published,TRUE,TRUE,FALSE,
3760043130375,Default,PIED GOUTTEUR,pied-goutteur,JARDIN,ACCESSOIRES,LEDUC LUBOT,2.25,18,A5,50,published,TRUE,TRUE,FALSE,
3600078860239,Default,LANCE ABS JET REGLABLE,lance-abs-jet-reglable,JARDIN,ARROSAGE,BRICODEAL,2.25,3,H6,40,published,TRUE,TRUE,FALSE,
3600070987552,Default,RAC REPAR UNIVERSEL,rac-repar-universel,JARDIN,ARROSAGE,BRICODEAL,2.29,9,H7,45,published,TRUE,TRUE,FALSE,
3274590215480,Default,FERMOIR LEVIER 75 AC ZG,fermoir-levier-75-ac-zg,BRICOLAGE,QUINCAILLERIE,NORAIL,2.35,5,G7,40,published,TRUE,TRUE,FALSE,
3154550257388,Default,EMBOUT DE VISSAGE PZ3 X2,embout-de-vissage-pz3-x2,BRICOLAGE,QUINCAILLERIE,NORAIL,2.35,11,G8,20,published,TRUE,TRUE,FALSE,
3154551439110,Default,MOUSQUETON ALPIN SIMPLE 80 MM GALVA,mousqueton-alpin-simple-80-mm-galva,BRICOLAGE,QUINCAILLERIE,NORAIL 2020,2.35,3,G7,8,published,TRUE,TRUE,FALSE,
3157334490001,Default,GOUGE DE DESHERBAGE ET ASPERGES MANCHE BOIS CERTIFIE PEFC 100%,gouge-de-desherbage-et-asperges-manche-bois-certifie-pefc-100,JARDIN,OUTILS JARDIN,LEBORGNE 2021,12.15,1,G6,450,published,TRUE,TRUE,FALSE,
3308086200022,Default,TAUPES -  PIEGE A TAUPES ET CAMPAGNOLS - ETUI DE 2 PIEGES D 45 MM,taupes-piege-a-taupes-et-campagnols-etui-de-2-pieges-d-45-mm,ANTI NUISIBLES,PIEGE,PROTECTA 2020,12.35,9,E4,210,published,TRUE,TRUE,FALSE,
3660231157330,Default,EPUISETTE DE SURFACE,epuisette-de-surface,PISCINE,ACCESSOIRES,BRICODEAL,12.40,2,G1,300,published,TRUE,TRUE,FALSE,
3700473315669,Default,LEVE + PINCE JERO,leve-pince-jero,APICULTURE,ACCESSOIRES,LA JOCONDIENNE,13.10,2,B3,230,published,TRUE,TRUE,FALSE,
3700206403311,Default,ROULEAU GAUFFRES 30 X 600 CM - POCHE DE 2 RLX - LE PRATIQUE,rouleau-gauffres-30-x-600-cm-poche-de-2-rlx-le-pratique,CONSERVERIE,ACCESSOIRES,CDP 2021,13.10,19,C2,600,published,TRUE,TRUE,FALSE,
3086960264109,Default,ARROSOIR EXTRA FORT 13 L,arrosoir-extra-fort-13-l,JARDIN,ARROSAGE,DIVERS,13.10,2,C1,930,published,TRUE,TRUE,FALSE,
3588900007801,Default,CHAUSSON BOTTE AVORIAZ T36,chausson-botte-avoriaz-t36,TEXTILE,"CHAUSSETTES, SEMELLES",CLAIE SEMELLE,13.24,1,G11,80,published,TRUE,TRUE,FALSE,
3588900007802,Default,CHAUSSON BOTTE AVORIAZ T37,chausson-botte-avoriaz-t37,TEXTILE,"CHAUSSETTES, SEMELLES",CLAIE SEMELLE,13.24,2,G11,80,published,TRUE,TRUE,FALSE,
3588900007680,Default,CHAUSSON BOTTE AVORIAZ T38,chausson-botte-avoriaz-t38,TEXTILE,"CHAUSSETTES, SEMELLES",CLAIE SEMELLE,13.24,2,G11,80,published,TRUE,TRUE,FALSE,
3588900007826,Default,CHAUSSON BOTTE AVORIAZ T39,chausson-botte-avoriaz-t39,TEXTILE,"CHAUSSETTES, SEMELLES",CLAIE SEMELLE,13.24,1,G11,80,published,TRUE,TRUE,FALSE,
3588900007888,Default,CHAUSSON BOTTE AVORIAZ T44,chausson-botte-avoriaz-t44,TEXTILE,"CHAUSSETTES, SEMELLES",CLAIE SEMELLE,13.24,2,G11,80,published,TRUE,TRUE,FALSE,
3588900007895,Default,CHAUSSON BOTTE AVORIAZ T45,chausson-botte-avoriaz-t45,TEXTILE,"CHAUSSETTES, SEMELLES",CLAIE SEMELLE,13.24,1,G11,80,published,TRUE,TRUE,FALSE,
3588900007896,Default,CHAUSSON BOTTE AVORIAZ T46,chausson-botte-avoriaz-t46,TEXTILE,"CHAUSSETTES, SEMELLES",CLAIE SEMELLE,13.24,1,G11,80,published,TRUE,TRUE,FALSE,
3549900024756,Default,MINI SERRE RIGIDE,mini-serre-rigide,JARDIN,SEMIS,LEDUC LUBOT,13.25,1,A1,450,published,TRUE,TRUE,FALSE,
3354120155179,Default,MELANGE FLEURS JACHERES HAUTES 100G,melange-fleurs-jacheres-hautes-100g,JARDIN,GRAINES FLORALES,CATROS GERAND,11.75,1,F2,380,published,TRUE,TRUE,FALSE,
3353090073292,Default,GANTS T7 PRO PLANTATION CUIR HYDRO,gants-t7-pro-plantation-cuir-hydro,JARDIN,GANTS ET PROTECTION,ROSTAING,13.39,3,A3,150,published,TRUE,TRUE,FALSE,
3700473314112,Default,GANT APICULTEUR LATEX T9,gant-apiculteur-latex-t9,APICULTURE,ACCESSOIRES,LA JOCONDIENNE,13.40,2,B1,212,published,TRUE,TRUE,FALSE,
5907630113139,Default,KIT ARROSAGE,kit-arrosage,JARDIN,ARROSAGE,ZENTRADA,13.45,1,H8,390,published,TRUE,TRUE,FALSE,
3473832613071,Default,LYON PACK 3 T-SHIRTS UNIS 2XL,lyon-pack-3-t-shirts-unis-2xl,TEXTILE,VETEMENTS DE TRAVAIL,LMA LEBEURRE2021,13.65,1,G10,650,published,TRUE,TRUE,FALSE,
3039660006753,Default,TERRINE FW 750 D 100 - PACK 6 - LE PARFAIT,terrine-fw-750-d-100-pack-6-le-parfait,CONSERVERIE,BOCAUX,CDP 2021,13.70,4,E5,2900,published,TRUE,TRUE,FALSE,
5907630113122,Default,KIT ARROSAGE 3/4 PISTOLET,kit-arrosage-3-4-pistolet,JARDIN,ARROSAGE,ZENTRADA,13.80,1,H8,360,published,TRUE,TRUE,FALSE,
3157334570307,Default,MINIROTOGRIF' 3 DENTS,minirotogrif-3-dents,JARDIN,OUTILS JARDIN,LEBORGNE 2021,13.99,1,G6,250,published,TRUE,TRUE,FALSE,
3154551549406,Default,STARB TX INOX A2 4X30 BCBV 200,starb-tx-inox-a2-4x30-bcbv-200,BRICOLAGE,VISSERIE,NORAIL 2020,14.70,1,A2,450,published,TRUE,TRUE,FALSE,
5907630113092,Default,PISTOLET ARROSAGE POUR LANCE,pistolet-arrosage-pour-lance,JARDIN,ARROSAGE,ZENTRADA,14.70,1,H5,320,published,TRUE,TRUE,FALSE,
3039660006913,Default,TERRINE FW 1000 D 100 - PACK 6 - LE PARFAIT,terrine-fw-1000-d-100-pack-6-le-parfait,CONSERVERIE,BOCAUX,CDP 2021,14.75,4,E5,3350,published,TRUE,TRUE,FALSE,
8721178201373,Default,KIT TUYAU ARROS 15M + ENROULEU,kit-tuyau-arros-15m-enrouleu,JARDIN,ARROSAGE,ZENTRADA,14.79,1,C1,1200,published,TRUE,TRUE,FALSE,
3700206403373,Default,BASSINE INOX 2 ANSES D 38 CM - 9 L - LE PRATIQUE,bassine-inox-2-anses-d-38-cm-9-l-le-pratique,CONSERVERIE,ACCESSOIRES,CDP 2021,15.10,2,G0,1200,published,TRUE,TRUE,FALSE,
3308085050109,Default,VOLANTS - AEROSOL INSECTICIDE PYRETHRE VEGETAL AUTOMATIQUE POUR DIFFUSEUR 25,volants-aerosol-insecticide-pyrethre-vegetal-automatique-pour-diffuseur-25,ANTI NUISIBLES,INSECTICIDES,PROTECTA 2020,15.25,7,A6,250,published,TRUE,TRUE,FALSE,
8033844763352,Default,PANIER DE TRANSPORT CALIPSO POUR CHATS ANIS,panier-de-transport-calipso-pour-chats-anis,ANIMALERIE,ACCESSOIRES,LOOS ALIMENTS,15.29,1,D1,1450,published,TRUE,TRUE,FALSE,
8033844763353,Default,PANIER DE TRANSPORT CALIPSO POUR CHATS BORDEAUX,panier-de-transport-calipso-pour-chats-bordeaux,ANIMALERIE,ANIMALERIE DIVERS,LOOS ALIMENTS,15.29,1,D1,1450,published,TRUE,TRUE,FALSE,
3308086000011,Default,"MOUCHES - SAC A MOUCHES JETABLE (25) - POCHETTE DE 1 SAC JETABLE 2,5 LITRES AVE",mouches-sac-a-mouches-jetable-25-pochette-de-1-sac-jetable-2-5-litres-ave,ANTI NUISIBLES,INSECTICIDES,PROTECTA 2020,15.64,10,D5,180,published,TRUE,TRUE,FALSE,
3760178050272,Default,CHARME ABEILLE AEROSOL,charme-abeille-aerosol,APICULTURE,ACCESSOIRES,LA JOCONDIENNE,15.70,12,B4,450,published,TRUE,TRUE,FALSE,
3154551549413,Default,STARB TX INOX A2 4X40 BCBV 200,starb-tx-inox-a2-4x40-bcbv-200,BRICOLAGE,VISSERIE,NORAIL 2020,15.85,1,A2,550,published,TRUE,TRUE,FALSE,
5029727008026,Default,GRILLAGE TRIPLE TORSION GALVA 13/0.6 H50 M10,grillage-triple-torsion-galva-13-0-6-h50-m10,JARDIN,GRILLAGES ET CLÔTURES FIXES,CAVATORTA,15.85,4,H5,1600,published,TRUE,TRUE,FALSE,
3700473314150,Default,GANT CONFORT BOVIN T8,gant-confort-bovin-t8,APICULTURE,ACCESSOIRES,LA JOCONDIENNE,15.90,5,B1,170,published,TRUE,TRUE,FALSE,
3700473314167,Default,GANT CONFORT BOVIN T9,gant-confort-bovin-t9,APICULTURE,ACCESSOIRES,LA JOCONDIENNE,15.90,2,B1,170,published,TRUE,TRUE,FALSE,
3700473314174,Default,GANT CONFORT BOVIN T10,gant-confort-bovin-t10,APICULTURE,ACCESSOIRES,LA JOCONDIENNE,15.90,5,B1,190,published,TRUE,TRUE,FALSE,
8015825049303,Default,PINCES BABY GRAF 16/20 SOUS COQUE,pinces-baby-graf-16-20-sous-coque,JARDIN,GRILLAGES ET CLÔTURES FIXES,CAVATORTA,15.90,10,B2,250,published,TRUE,TRUE,FALSE,
3660231148918,Default,BROSSE DE PAROIE,brosse-de-paroie,PISCINE,ACCESSOIRES,BRICODEAL,15.95,2,G1,450,published,TRUE,TRUE,FALSE,
3549900028945,Default,FILM MARAICHAGE L.2M X L.10M,film-maraichage-l-2m-x-l-10m,JARDIN,SEMIS,LEDUC LUBOT JANNY,16.10,2,B1,1350,published,TRUE,TRUE,FALSE,
3285820006631,Default,MULT SUPP.VERT OLIVE 500ML,mult-supp-vert-olive-500ml,BRICOLAGE,PEINTURE,DOD,16.50,2,E4,720,published,TRUE,TRUE,FALSE,
3261543118219,Default,XYLO PH AQUEUSE MULTI USAGE 1L,xylo-ph-aqueuse-multi-usage-1l,BRICOLAGE,SATURATEUR,DOD,16.50,1,E4,1180,published,TRUE,TRUE,FALSE,
8435039002305,Default,TREMIE SILO 8 KG PLASTIQUE VERT,tremie-silo-8-kg-plastique-vert,BASSE COURS,ACCESSOIRES,LOOS ALIMENTS,16.85,2,G3,850,published,TRUE,TRUE,FALSE,
3261544217249,Default,XYLO DECAPANT GEL MULTI SUPPORT 1L,xylo-decapant-gel-multi-support-1l,BRICOLAGE,DECAPANT,DOD,17.10,1,E4,1100,published,TRUE,TRUE,FALSE,
3283985045038,Default,COLLE GEB SOBLUE,colle-geb-soblue,PISCINE,ACCESSOIRES,BRICODEAL,17.10,2,G1,550,published,TRUE,TRUE,FALSE,
8717344998468,Default,TUYAU ARROSAGE SIMPLE 30M,tuyau-arrosage-simple-30m,JARDIN,ARROSAGE,ZENTRADA,17.40,3,F1,2550,published,TRUE,TRUE,FALSE,
3600075608162,Default,MINUTEUR 1 VOIE SINKRO,minuteur-1-voie-sinkro,JARDIN,ARROSAGE,BRICODEAL,18.10,1,H1,260,published,TRUE,TRUE,FALSE,
3661521111254,Default,ADDICT LASURE GLYCERO 2L5 CH CLAIR,addict-lasure-glycero-2l5-ch-clair,BRICOLAGE,LASURE,DOD,18.50,2,B5,3000,published,TRUE,TRUE,FALSE,
3700473315317,Default,ENFUMOIR SMOG INOX / SOUFFLET,enfumoir-smog-inox-soufflet,APICULTURE,ACCESSOIRES,LA JOCONDIENNE,18.70,4,B5,780,published,TRUE,TRUE,FALSE,
3660529017599,Default,PULL COMMANDO 2XL,pull-commando-2xl,TEXTILE,VETEMENTS DE TRAVAIL,TREESCO,19.05,1,F3,750,published,TRUE,TRUE,FALSE,
3661521111230,Default,ADDICT LASURE GLYCERO 2L5 CHENE,addict-lasure-glycero-2l5-chene,BRICOLAGE,LASURE,DOD,19.45,2,B5,2900,published,TRUE,TRUE,FALSE,
3661521111278,Default,ADDICT LASURE GLYCERO 2.5 L CH RUST,addict-lasure-glycero-2-5-l-ch-rust,BRICOLAGE,LASURE,DOD,19.45,2,B5,2900,published,TRUE,TRUE,FALSE,
3700206404318,Default,BALANCE DE CUISINE MECANIQUE 5 KG - LE PRATIQUE  PLATEAU BOL INOX : D 21 CM,balance-de-cuisine-mecanique-5-kg-le-pratique-plateau-bol-inox-d-21-cm,CONSERVERIE,ACCESSOIRES,CDP 2021,19.85,1,E1,1350,published,TRUE,TRUE,FALSE,
8718426007573,Default,ABREUVOIR SEAU SUSPENDU 12L,abreuvoir-seau-suspendu-12l,BASSE COURS,ACCESSOIRES BASSE COUR,LA FERME DE BEAUMONT,20.30,3,B6,950,published,TRUE,TRUE,FALSE,
3154551522836,Default,VIS STARBLOCK TX 5 X 40 BC500,vis-starblock-tx-5-x-40-bc500,BRICOLAGE,VISSERIE,NORAIL 2020,20.45,1,A2,1850,published,TRUE,TRUE,FALSE,
3660231416253,Default,EPUISETTE DE FOND,epuisette-de-fond,PISCINE,ACCESSOIRES,BRICODEAL,20.75,1,G1,200,published,TRUE,TRUE,FALSE,
3308086000202,Default,MOUCHES - SAC A MOUCHES - RECHARGE SAC : 2 SACS + 6 SACHETS D’APPATS HYDROSO,mouches-sac-a-mouches-recharge-sac-2-sacs-6-sachets-dappats-hydroso,ANTI NUISIBLES,INSECTICIDES,PROTECTA 2020,20.95,2,E4,190,published,TRUE,TRUE,FALSE,
3154551549420,Default,STARB TX INOX A2 4X50 BCBV 200,starb-tx-inox-a2-4x50-bcbv-200,BRICOLAGE,VISSERIE,NORAIL 2020,21.50,1,A2,600,published,TRUE,TRUE,FALSE,
3473832018012,Default,TONNERRE PANTALON DE PLUIE MARINE T6,tonnerre-pantalon-de-pluie-marine-t6,TEXTILE,VETEMENTS DE TRAVAIL,LMA LEBEURRE2021,21.55,1,F3,900,published,TRUE,TRUE,FALSE,
3473832018029,Default,TONNERRE PANTALON DE PLUIE MARINE T7,tonnerre-pantalon-de-pluie-marine-t7,TEXTILE,VETEMENTS DE TRAVAIL,LMA LEBEURRE2021,21.55,1,F3,900,published,TRUE,TRUE,FALSE,
3473830525277,Default,CHARBON PANTALON GRIS ET NOIR,charbon-pantalon-gris-et-noir,TEXTILE,VETEMENTS DE TRAVAIL,LMA LEBEURRE2021,21.75,1,F3,550,published,TRUE,TRUE,FALSE,
3366440000657,Default,"REPOUSSEUR A ULTRASONS RAT, SOURIS …, 150M²",repousseur-a-ultrasons-rat-souris-150m2,ANTI NUISIBLES,ANTI NUISIBLES,MASY 2020,22.15,1,E4,320,published,TRUE,TRUE,FALSE,
3760059707462,Default,NASSE RAT TUNNEL,nasse-rat-tunnel,ANTI NUISIBLES,PIEGE,START 2021,22.60,8,D6,470,published,TRUE,TRUE,FALSE,
8718375339961,Default,PULV 16 LITRES HAUTE PRESSION,pulv-16-litres-haute-pression,JARDIN,ARROSAGE,ZENTRADA,22.65,2,B6,2300,published,TRUE,TRUE,FALSE,
3359192001584,Default,BALAIS ABS,balais-abs,PISCINE,ACCESSOIRES,BRICODEAL,23.59,2,G1,1100,published,TRUE,TRUE,FALSE,
3473832722391,Default,SULFATE PANTALON BICOLORE MULTIPOCHES GRIS SOMBRE/NOIR T44,sulfate-pantalon-bicolore-multipoches-gris-sombre-noir-t44,TEXTILE,VETEMENTS DE TRAVAIL,LMA LEBEURRE2021,23.85,1,F3,650,published,TRUE,TRUE,FALSE,
3661521137865,Default,ADDICT SATURATEUR 2L5 INCOLORE,addict-saturateur-2l5-incolore,BRICOLAGE,SATURATEUR,DOD,23.89,4,B5,2900,published,TRUE,TRUE,FALSE,
3087916474115,Default,MINI MANCHX2,mini-manchx2,BRICOLAGE,ACCESSOIRES,DOD,2.45,1,G7,35,published,TRUE,TRUE,FALSE,
2001001010553,Default,TIGE FILETEE EN 14 (BLANC),tige-filetee-en-14-blanc,BRICOLAGE,QUINCAILLERIE,NORAIL,2.50,16,EXT,1500,published,TRUE,TRUE,FALSE,
3700206404530,Default,LOT 30 ETIQUETTES LE PRATIQUE,lot-30-etiquettes-le-pratique,CONSERVERIE,ACCESSOIRES,CDP 2021,2.50,6,E2,30,published,TRUE,TRUE,FALSE,
3274590010030,Default,TOURIL TRI BOIS 401 D6 BL45,touril-tri-bois-401-d6-bl45,BRICOLAGE,QUINCAILLERIE,NORAIL,2.55,5,G8,50,published,TRUE,TRUE,FALSE,
3366440001128,Default,NASSE A SOURIS 1 ENTREE DIMENSIONS 12X6X6 CM,nasse-a-souris-1-entree-dimensions-12x6x6-cm,ANTI NUISIBLES,PIEGE,MASY 2020,2.65,6,D2,70,published,TRUE,TRUE,FALSE,
3600078860208,Default,RACCORD RAPIDE STOP 19MM,raccord-rapide-stop-19mm,JARDIN,ARROSAGE,BRICODEAL,2.65,8,H7,35,published,TRUE,TRUE,FALSE,
3274590121217,Default,CHARN CARRE 60X60 AC ZG X2,charn-carre-60x60-ac-zg-x2,BRICOLAGE,QUINCAILLERIE,NORAIL,2.69,5,G7,90,published,TRUE,TRUE,FALSE,
3308083080047,Default,RODICLAC : GLU CONTRE LES RONGEURS ET INSECTES RAMPANTS. - TUBE DE 135 G EN ETU,rodiclac-glu-contre-les-rongeurs-et-insectes-rampants-tube-de-135-g-en-etu,ANTI NUISIBLES,PIEGE,PROTECTA 2020,2.75,12,E2,170,published,TRUE,TRUE,FALSE,
3438617892980,Default,COLLIER PLASTIQUE SPECIAL ARBRES L 45,collier-plastique-special-arbres-l-45,JARDIN,ACCESSOIRES,LEDUC LUBOT JANNY,2.80,11,H1,80,published,TRUE,TRUE,FALSE,
5021689019300,Default,BIBERON RONGEUR CLASSIC 600ML,biberon-rongeur-classic-600ml,BASSE COURS,ACCESSOIRES,LOOS ALIMENTS,2.85,17,G2,50,published,TRUE,TRUE,FALSE,
8718426002837,Default,MANGEOIRE POUSSIN PLASTIQUE 30 CM,mangeoire-poussin-plastique-30-cm,BASSE COURS,ACCESSOIRES BASSE COUR,LA FERME DE BEAUMONT,2.90,6,G2,130,published,TRUE,TRUE,FALSE,
3549900024787,Default,LOT DE 36 GODET BIODEGRADABLES,lot-de-36-godet-biodegradables,JARDIN,SEMIS,LEDUC LUBOT,2.90,5,C2,110,published,TRUE,TRUE,FALSE,
3274590083676,Default,TARG CLASS AC NK 25,targ-class-ac-nk-25,BRICOLAGE,QUINCAILLERIE,NORAIL,2.95,1,G7,40,published,TRUE,TRUE,FALSE,
3086960203634,Default,COUPE D.27+SOUC+TRINGLE GRIS,coupe-d-27-souc-tringle-gris,JARDIN,POTERIE PLASTIQUE,BRICODEAL,2.95,2,B3,150,published,TRUE,TRUE,FALSE,
3549900024831,Default,GODETS DE CULTURE EN PLAQUE 30 POTS,godets-de-culture-en-plaque-30-pots,JARDIN,SEMIS,LEDUC LUBOT JANNY,2.95,14,C2,110,published,TRUE,TRUE,FALSE,
3154551580492,Default,PORTE EMB. STARB TX T10A30 X5,porte-emb-starb-tx-t10a30-x5,BRICOLAGE,QUINCAILLERIE,NORAIL 2020,2.98,3,G7,50,published,TRUE,TRUE,FALSE,
3549900017635,Default,ETIQUETTES H.30CM,etiquettes-h-30cm,JARDIN,ACCESSOIRES,LEDUC LUBOT JANNY,2.99,8,A5,60,published,TRUE,TRUE,FALSE,
2001001010058,Default,LAISSE BLEU 130,laisse-bleu-130,ANIMALERIE,LAISSE,DIVERS,3.00,11,G0,110,published,TRUE,TRUE,FALSE,
2001001010057,Default,LAISSE ROUGE 130,laisse-rouge-130,ANIMALERIE,LAISSE,DIVERS,3.00,20,G0,110,published,TRUE,TRUE,FALSE,
8718426003667,Default,MANGOIRE TREMIE PLAST 1KG,mangoire-tremie-plast-1kg,BASSE COURS,ACCESSOIRES BASSE COUR,LA FERME DE BEAUMONT,3.00,2,G3,120,published,TRUE,TRUE,FALSE,
3549900003218,Default,VOILE D HIVERNAGE EN 2 X 5M EN 30 GR,voile-d-hivernage-en-2-x-5m-en-30-gr,JARDIN,ACCESSOIRES,LEDUC LUBOT JANNY,3.00,7,C1,340,published,TRUE,TRUE,FALSE,
3600070987613,Default,RAC STOP UNIVERSEL,rac-stop-universel,JARDIN,ARROSAGE,BRICODEAL,3.00,9,H7,50,published,TRUE,TRUE,FALSE,
3086960203627,Default,COUPE D.27+SOUC+TRINGLE TAUPE,coupe-d-27-souc-tringle-taupe,JARDIN,POTERIE PLASTIQUE,BRICODEAL,3.00,2,B3,150,published,TRUE,TRUE,FALSE,
3580798751775,Default,PLATEAU JARIDINIERE GRIS 50CM,plateau-jaridiniere-gris-50cm,JARDIN,POTERIE PLASTIQUE,LEDUC LUBOT,3.00,4,A4,150,published,TRUE,TRUE,FALSE,
3666778001426,Default,TREFLE ROUGE INCARNAT,trefle-rouge-incarnat,JARDIN,GRAINES FLORALES,KOKOPELLI,2.65,3,G4,60,published,TRUE,TRUE,FALSE,
3666778014334,Default,IPOMEE GRANDPA OTT,ipomee-grandpa-ott,JARDIN,GRAINES FLORALES,KOKOPELLI,2.65,4,G4,30,published,TRUE,TRUE,FALSE,
3666778007961,Default,QUINOA ORO DE VALLE,quinoa-oro-de-valle,JARDIN,GRAINES FLORALES,KOKOPELLI,2.65,4,G4,30,published,TRUE,TRUE,FALSE,
3666778020502,Default,BASILIC AROMATTO,basilic-aromatto,JARDIN,GRAINES FLORALES,KOKOPELLI,2.65,5,G4,30,published,TRUE,TRUE,FALSE,
3666778005738,Default,TAGETTE  SPARKLER MARIGOLD,tagette-sparkler-marigold,JARDIN,GRAINES FLORALES,KOKOPELLI,2.65,3,G4,30,published,TRUE,TRUE,FALSE,
3666778005783,Default,TAGETE BURGUNDY BLISS,tagete-burgundy-bliss,JARDIN,GRAINES FLORALES,KOKOPELLI,2.65,4,G4,30,published,TRUE,TRUE,FALSE,
3666778027174,Default,TAGETE AFTERNOON LEMONADE,tagete-afternoon-lemonade,JARDIN,GRAINES FLORALES,KOKOPELLI,2.65,4,G4,30,published,TRUE,TRUE,FALSE,
3666778001532,Default,TOURNESOL A GRAINES NAIN JAUNE,tournesol-a-graines-nain-jaune,JARDIN,GRAINES FLORALES,KOKOPELLI,2.65,3,G4,30,published,TRUE,TRUE,FALSE,
3666778010008,Default,PHACELIE A FEILLES DE TANAISIE,phacelie-a-feilles-de-tanaisie,JARDIN,GRAINES POTAGERES,KOKOPELLI,2.65,1,G4,60,published,TRUE,TRUE,FALSE,
3666778010022,Default,PERSIL SIMPLE,persil-simple,JARDIN,GRAINES POTAGERES,KOKOPELLI,2.65,5,G4,30,published,TRUE,TRUE,FALSE,
3666778020304,Default,BASILIC NAPOLETANO,basilic-napoletano,JARDIN,GRAINES POTAGERES,KOKOPELLI,2.65,3,G4,30,published,TRUE,TRUE,FALSE,
2001001010416,Default,CALENDULA SOUCI EN MELANGE,calendula-souci-en-melange,JARDIN,GRAINES POTAGERES,KOKOPELLI,2.65,16,G4,60,published,TRUE,TRUE,FALSE,
3666778001518,Default,TOURNESOL A GRAINES ROSTOV,tournesol-a-graines-rostov,JARDIN,GRAINES POTAGERES,KOKOPELLI,2.65,3,G4,30,published,TRUE,TRUE,FALSE,
3666778021523,Default,ANETH GREENSLEEVES,aneth-greensleeves,JARDIN,GRAINES POTAGERES,KOKOPELLI,2.65,2,G4,30,published,TRUE,TRUE,FALSE,
3666778001648,Default,TOURNESOL A FLEURS SUPREME MIX,tournesol-a-fleurs-supreme-mix,JARDIN,GRAINES POTAGERES,KOKOPELLI,2.65,3,G4,30,published,TRUE,TRUE,FALSE,
3666778001938,Default,"TOMATE-CERISE ""POIRE ROUGE""",tomate-cerise-poire-rouge,JARDIN,GRAINES POTAGERES,KOKOPELLI,2.65,7,G4,30,published,TRUE,TRUE,FALSE,
3666778021998,Default,CIBOULETTE COMMUNE,ciboulette-commune,JARDIN,GRAINES POTAGERES,KOKOPELLI,2.65,3,G4,30,published,TRUE,TRUE,FALSE,
3666778002027,Default,TOMATE-CERISE BARBANIAKA,tomate-cerise-barbaniaka,JARDIN,GRAINES POTAGERES,KOKOPELLI,2.65,6,G4,30,published,TRUE,TRUE,FALSE,
3666778002157,Default,"TOMATE-CERISE ""PIENNOLO DEL VESUVIO""",tomate-cerise-piennolo-del-vesuvio,JARDIN,GRAINES POTAGERES,KOKOPELLI,2.65,4,G4,30,published,TRUE,TRUE,FALSE,
3666778002409,Default,TOMATE-CERISE POIRE JAUNE,tomate-cerise-poire-jaune,JARDIN,GRAINES POTAGERES,KOKOPELLI,2.65,2,G4,30,published,TRUE,TRUE,FALSE,
3666778002485,Default,TOMATE-CERISE FAHRENHEIT BLUES,tomate-cerise-fahrenheit-blues,JARDIN,GRAINES POTAGERES,KOKOPELLI,2.65,6,G4,30,published,TRUE,TRUE,FALSE,
3666778012637,Default,MAIS GLASS GEM,mais-glass-gem,JARDIN,GRAINES POTAGERES,KOKOPELLI,2.65,4,G4,30,published,TRUE,TRUE,FALSE,
3666778002652,Default,"TOMATE-CERISE ""PURPLE BUMBLEBEE""",tomate-cerise-purple-bumblebee,JARDIN,GRAINES POTAGERES,KOKOPELLI,2.65,3,G4,30,published,TRUE,TRUE,FALSE,
3666778002829,Default,TOMATE GREEN ZEBRA,tomate-green-zebra,JARDIN,GRAINES POTAGERES,KOKOPELLI,2.65,7,G4,30,published,TRUE,TRUE,FALSE,
3666778002898,Default,"TOMATE ""CHARLIE GREEN""",tomate-charlie-green,JARDIN,GRAINES POTAGERES,KOKOPELLI,2.65,4,G4,30,published,TRUE,TRUE,FALSE,
3666778002904,Default,"TOMATE ""ABSINTHE""",tomate-absinthe,JARDIN,GRAINES POTAGERES,KOKOPELLI,2.65,5,G4,3,published,TRUE,TRUE,FALSE,
3666778002911,Default,"TOMATE ""SUPER COLOSSE""",tomate-super-colosse,JARDIN,GRAINES POTAGERES,KOKOPELLI,2.65,4,G4,30,published,TRUE,TRUE,FALSE,
3666778002928,Default,"TOMATE ""RUSSIAN GIANT""",tomate-russian-giant,JARDIN,GRAINES POTAGERES,KOKOPELLI,2.65,2,G4,30,published,TRUE,TRUE,FALSE,
3666778013122,Default,LAITUE BLONDE MARAICHERE,laitue-blonde-maraichere,JARDIN,GRAINES POTAGERES,KOKOPELLI,2.65,2,G4,30,published,TRUE,TRUE,FALSE,
3666778003147,Default,TOMATE MARMANDE,tomate-marmande,JARDIN,GRAINES POTAGERES,KOKOPELLI,2.65,3,G4,30,published,TRUE,TRUE,FALSE,
3666778003161,Default,"TOMATE ""KOTLAS""",tomate-kotlas,JARDIN,GRAINES POTAGERES,KOKOPELLI,2.65,3,G4,30,published,TRUE,TRUE,FALSE,
3666778003376,Default,TOMATE ZAKOPANE,tomate-zakopane,JARDIN,GRAINES POTAGERES,KOKOPELLI,2.65,3,G4,30,published,TRUE,TRUE,FALSE,
3666778003666,Default,"TOMATE ""HANDY LADY""",tomate-handy-lady,JARDIN,GRAINES POTAGERES,KOKOPELLI,2.65,4,G4,30,published,TRUE,TRUE,FALSE,
3666778003703,Default,TOMATE DES ANDES,tomate-des-andes,JARDIN,GRAINES POTAGERES,KOKOPELLI,2.65,3,G4,30,published,TRUE,TRUE,FALSE,
3666778003710,Default,"TOMATE ""COSTOLUTO FIORENTINO""",tomate-costoluto-fiorentino,JARDIN,GRAINES POTAGERES,KOKOPELLI,2.65,3,G4,30,published,TRUE,TRUE,FALSE,
3666778014099,Default,LAITUE FEUILLE DE CHENE BLONDE,laitue-feuille-de-chene-blonde,JARDIN,GRAINES POTAGERES,KOKOPELLI,2.65,5,G4,30,published,TRUE,TRUE,FALSE,
3666778004120,Default,"TOMATE ""CANABEC ROSE""",tomate-canabec-rose,JARDIN,GRAINES POTAGERES,KOKOPELLI,2.65,2,G4,30,published,TRUE,TRUE,FALSE,
3666778004182,Default,TOMATE ROSE DE BERNE,tomate-rose-de-berne,JARDIN,GRAINES POTAGERES,KOKOPELLI,2.65,5,G4,30,published,TRUE,TRUE,FALSE,
3666778024296,Default,"TOMATE-CERISE ""MATT'S BLACK""",tomate-cerise-matt-s-black,JARDIN,GRAINES POTAGERES,KOKOPELLI,2.65,5,G4,30,published,TRUE,TRUE,FALSE,
3666778014518,Default,TOURNESOL ENGRAIS VERTS,tournesol-engrais-verts,JARDIN,GRAINES POTAGERES,KOKOPELLI,2.65,5,G4,60,published,TRUE,TRUE,FALSE,
3666778004700,Default,"TOMATE ""CHEROKEE CHOCOLATE""",tomate-cherokee-chocolate,JARDIN,GRAINES POTAGERES,KOKOPELLI,2.65,5,G4,30,published,TRUE,TRUE,FALSE,
3666778004717,Default,"TOMATE ""CHARBONNEUSE""",tomate-charbonneuse,JARDIN,GRAINES POTAGERES,KOKOPELLI,2.65,4,G4,30,published,TRUE,TRUE,FALSE,
3666778004830,Default,"TOMATE ""BLACK ETHIOPIAN""",tomate-black-ethiopian,JARDIN,GRAINES POTAGERES,KOKOPELLI,2.65,5,G4,30,published,TRUE,TRUE,FALSE,
3666778004861,Default,"TOMATE ""YELLOW BRANDYWINE""",tomate-yellow-brandywine,JARDIN,GRAINES POTAGERES,KOKOPELLI,2.65,3,G4,30,published,TRUE,TRUE,FALSE,
3666778005004,Default,"TOMATE ""BANANA LEGS""",tomate-banana-legs,JARDIN,GRAINES POTAGERES,KOKOPELLI,2.65,4,G4,30,published,TRUE,TRUE,FALSE,
3666778015812,Default,COURGETTE VERTE DE MILAN BLACK BEAUTY,courgette-verte-de-milan-black-beauty,JARDIN,GRAINES POTAGERES,KOKOPELLI,2.65,2,G4,30,published,TRUE,TRUE,FALSE,
3666778015874,Default,COURGETTE RONDE DE NICE,courgette-ronde-de-nice,JARDIN,GRAINES POTAGERES,KOKOPELLI,2.65,3,G4,30,published,TRUE,TRUE,FALSE,
3666778026054,Default,"TOMATE ""ACE""",tomate-ace,JARDIN,GRAINES POTAGERES,KOKOPELLI,2.65,5,G4,30,published,TRUE,TRUE,FALSE,
3666778026689,Default,"TOMATE ""GERMAN RED STRAWBERRY""",tomate-german-red-strawberry,JARDIN,GRAINES POTAGERES,KOKOPELLI,2.65,4,G4,30,published,TRUE,TRUE,FALSE,
3666778027068,Default,TOMATE-CERISE CHERRY DELIGHT,tomate-cerise-cherry-delight,JARDIN,GRAINES POTAGERES,KOKOPELLI,2.65,4,G4,30,published,TRUE,TRUE,FALSE,
3666778027105,Default,"TOMATE ""MATINA""",tomate-matina,JARDIN,GRAINES POTAGERES,KOKOPELLI,2.65,4,G4,30,published,TRUE,TRUE,FALSE,
3666778027129,Default,"TOMATE ""TROPHY""",tomate-trophy,JARDIN,GRAINES POTAGERES,KOKOPELLI,2.65,5,G4,30,published,TRUE,TRUE,FALSE,
3666778017274,Default,COSMOS SENSATION,cosmos-sensation,JARDIN,GRAINES POTAGERES,KOKOPELLI,2.65,1,G4,30,published,TRUE,TRUE,FALSE,
3666778017540,Default,CORIANDRE CULTIVEE,coriandre-cultivee,JARDIN,GRAINES POTAGERES,KOKOPELLI,2.65,4,G4,30,published,TRUE,TRUE,FALSE,
3666778007565,Default,ROQUETTE CULTIVEE,roquette-cultivee,JARDIN,GRAINES POTAGERES,KOKOPELLI,2.65,3,G4,30,published,TRUE,TRUE,FALSE,
3666778018103,Default,CONCOMBRE BUISSONNANT BUSHY,concombre-buissonnant-bushy,JARDIN,GRAINES POTAGERES,KOKOPELLI,2.65,2,G4,30,published,TRUE,TRUE,FALSE,
3666778028393,Default,"TOMATE ""LIVINGSTON'S MAGNUS""",tomate-livingston-s-magnus,JARDIN,GRAINES POTAGERES,KOKOPELLI,2.65,5,G4,30,published,TRUE,TRUE,FALSE,
3666778008913,Default,PIMENT FORT D'ESPELETTE GORRIA,piment-fort-d-espelette-gorria,JARDIN,GRAINES POTAGERES,KOKOPELLI,2.65,4,G4,30,published,TRUE,TRUE,FALSE,
3666778009286,Default,POIVRON CHARLESTON BELLE,poivron-charleston-belle,JARDIN,GRAINES POTAGERES,KOKOPELLI,2.65,4,G4,30,published,TRUE,TRUE,FALSE,
3666778009378,Default,"POIVRON ""TOPEPO ROSSO""",poivron-topepo-rosso,JARDIN,GRAINES POTAGERES,KOKOPELLI,2.65,5,G4,30,published,TRUE,TRUE,FALSE,
3666778019490,Default,CAROTTE BERLICUM,carotte-berlicum,JARDIN,GRAINES POTAGERES,KOKOPELLI,2.65,3,G4,30,published,TRUE,TRUE,FALSE,
3666778019513,Default,CAROTTE DOLCIVA NANTAISE AMELIOREE,carotte-dolciva-nantaise-amelioree,JARDIN,GRAINES POTAGERES,KOKOPELLI,2.65,1,G4,30,published,TRUE,TRUE,FALSE,
3666778009552,Default,POIVRON CORNO DI TORO ROUGE,poivron-corno-di-toro-rouge,JARDIN,GRAINES POTAGERES,KOKOPELLI,2.65,6,G4,30,published,TRUE,TRUE,FALSE,
3666778009682,Default,POIVRONS KEVIN'S EARLY ORANGE,poivrons-kevin-s-early-orange,JARDIN,GRAINES POTAGERES,KOKOPELLI,2.65,3,G4,30,published,TRUE,TRUE,FALSE,
3666778019735,Default,BOURRACHE A FLEURS BLEUES,bourrache-a-fleurs-bleues,JARDIN,GRAINES POTAGERES,KOKOPELLI,2.65,4,G4,30,published,TRUE,TRUE,FALSE,
3666778019742,Default,BOURRACHE A FLEURS BLANCHES,bourrache-a-fleurs-blanches,JARDIN,GRAINES POTAGERES,KOKOPELLI,2.65,2,G4,30,published,TRUE,TRUE,FALSE,
3666778019964,Default,BETTERAVE 3 ROOT GREX,betterave-3-root-grex,JARDIN,GRAINES POTAGERES,KOKOPELLI,2.65,4,G4,30,published,TRUE,TRUE,FALSE,
3666778019995,Default,BELLE DE NUIT MARBLES EN LELANGE,belle-de-nuit-marbles-en-lelange,JARDIN,GRAINES POTAGERES,KOKOPELLI,2.65,4,G4,30,published,TRUE,TRUE,FALSE,
3666778019681,Default,CAPUCINE NAINE EMPRESS OF INDIA,capucine-naine-empress-of-india,JARDIN,GRAINES POTAGERES,KOKOPELLI,2.65,3,G4,30,published,TRUE,TRUE,FALSE,
3666778017953,Default,CONCOMBRE MARKETMORE 76,concombre-marketmore-76,JARDIN,GRAINES POTAGERES,KOKOPELLI,2.65,2,G4,30,published,TRUE,TRUE,FALSE,
3666778016758,Default,COURGE POTIMARRON SOLOR,courge-potimarron-solor,JARDIN,GRAINES POTAGERES,KOKOPELLI,2.65,2,G4,30,published,TRUE,TRUE,FALSE,
3666778015881,Default,COURGETTE RHEINAU GOLD,courgette-rheinau-gold,JARDIN,GRAINES POTAGERES,KOKOPELLI,2.65,2,G4,30,published,TRUE,TRUE,FALSE,
3666778027389,Default,COURGE DORAN ROUND,courge-doran-round,JARDIN,GRAINES POTAGERES,KOKOPELLI,2.65,4,G4,30,published,TRUE,TRUE,FALSE,
3666778015850,Default,COURGETTE SELECTION SATIVA,courgette-selection-sativa,JARDIN,GRAINES POTAGERES,KOKOPELLI,2.65,3,G4,30,published,TRUE,TRUE,FALSE,
3666778029130,Default,POTIMARRON UCHIKI KURI,potimarron-uchiki-kuri,JARDIN,GRAINES POTAGERES,KOKOPELLI,2.65,3,G4,30,published,TRUE,TRUE,FALSE,
3666778019483,Default,CAROTTE DE CARENTAN,carotte-de-carentan,JARDIN,GRAINES POTAGERES,KOKOPELLI,2.65,5,G4,30,published,TRUE,TRUE,FALSE,
3666778019568,Default,CAROTTE JAUNE DU DOUBS,carotte-jaune-du-doubs,JARDIN,GRAINES POTAGERES,KOKOPELLI,2.65,5,G4,30,published,TRUE,TRUE,FALSE,
3666778023657,Default,CAROTTE ROUGE ET ORANGE DEMI L,carotte-rouge-et-orange-demi-l,JARDIN,GRAINES POTAGERES,KOKOPELLI,2.65,1,G4,3,published,TRUE,TRUE,FALSE,
3666778018080,Default,COCOMBRE DEKHA,cocombre-dekha,JARDIN,GRAINES POTAGERES,KOKOPELLI,2.65,3,G4,30,published,TRUE,TRUE,FALSE,
3666778018172,Default,CONCOMBRE AMBROSITA,concombre-ambrosita,JARDIN,GRAINES POTAGERES,KOKOPELLI,2.65,4,G4,30,published,TRUE,TRUE,FALSE,
3666778023831,Default,COURGE BURPEE BUTTERBUSH,courge-burpee-butterbush,JARDIN,GRAINES POTAGERES,KOKOPELLI,2.65,5,G4,30,published,TRUE,TRUE,FALSE,
3666778015997,Default,COURGETTE COCOZELLE,courgette-cocozelle,JARDIN,GRAINES POTAGERES,KOKOPELLI,2.65,3,G4,30,published,TRUE,TRUE,FALSE,
3666778016055,Default,COURGETTE BLANCHE D'EGYPTE,courgette-blanche-d-egypte,JARDIN,GRAINES POTAGERES,KOKOPELLI,2.65,4,G4,30,published,TRUE,TRUE,FALSE,
3666778009101,Default,POIVRON CUBANELLE,poivron-cubanelle,JARDIN,GRAINES POTAGERES,KOKOPELLI,2.65,4,G4,30,published,TRUE,TRUE,FALSE,
2001001010423,Default,"TOMATE BLANCHE ""CREAM SAUSAGE""",tomate-blanche-cream-sausage,JARDIN,GRAINES POTAGERES,KOKOPELLI,2.65,4,G4,30,published,TRUE,TRUE,FALSE,
3666778002379,Default,TOMATE CERISE YELLOW CENTIFLOR,tomate-cerise-yellow-centiflor,JARDIN,GRAINES POTAGERES,KOKOPELLI,2.65,4,G4,30,published,TRUE,TRUE,FALSE,
3700473312637,Default,ANGLE DE MAINTIEN 25 X 25 H60,angle-de-maintien-25-x-25-h60,APICULTURE,ACCESSOIRES,LA JOCONDIENNE,3.10,5,B3,165,published,TRUE,TRUE,FALSE,
3600075904011,Default,COLLIER INOX 8 MM 14-24,collier-inox-8-mm-14-24,BRICOLAGE,QUINCAILLERIE,BRICODEAL,3.10,4,G9,25,published,TRUE,TRUE,FALSE,
3274590083713,Default,TARG BOX PENE RD AC NR 80,targ-box-pene-rd-ac-nr-80,BRICOLAGE,QUINCAILLERIE,NORAIL,3.10,4,G8,70,published,TRUE,TRUE,FALSE,
3039660990410,Default,COUVERCLE T.O D 82 MM DECORE POUR CONFITURIER - SACHET 6 - LE PARFAIT,couvercle-t-o-d-82-mm-decore-pour-confiturier-sachet-6-le-parfait,CONSERVERIE,COUVERCLES,CDP 2021,3.10,1,D4,85,published,TRUE,TRUE,FALSE,
3274590212823,Default,BUTEE PLINT 28 78 HETVER BL1,butee-plint-28-78-hetver-bl1,BRICOLAGE,QUINCAILLERIE,NORAIL,3.15,5,G8,40,published,TRUE,TRUE,FALSE,
3154550051351,Default,MAILLON A VISSER GALVA D10 BL1,maillon-a-visser-galva-d10-bl1,BRICOLAGE,QUINCAILLERIE,NORAIL 2020,3.15,3,G7,150,published,TRUE,TRUE,FALSE,
3087916479110,Default,MINI RLX POLY,mini-rlx-poly,BRICOLAGE,OUTILS,DOD,3.20,1,G7,110,published,TRUE,TRUE,FALSE,
3600075925016,Default,COLLIER INOX 8MM 10/16 BL 2,collier-inox-8mm-10-16-bl-2,BRICOLAGE,QUINCAILLERIE,BRICODEAL,3.20,4,G9,25,published,TRUE,TRUE,FALSE,
3039660991851,Default,COUVERCLES FW D 82 SACHET 6 - LE PARFAIT,couvercles-fw-d-82-sachet-6-le-parfait,CONSERVERIE,COUVERCLES,CDP 2021,3.20,2,D4,130,published,TRUE,TRUE,FALSE,
3580798751768,Default,PLATEAU JARDINIERE EVOLUTION  50 STONE,plateau-jardiniere-evolution-50-stone,JARDIN,POTERIE PLASTIQUE,LEDUC LUBOT,3.20,5,A4,150,published,TRUE,TRUE,FALSE,
2001001010874,Default,SEMENCE 3,semence-3,POTAGER,GRAINES POTAGERES,CATROS GERAND,2.85,66,F2,10,published,TRUE,TRUE,FALSE,
3274590231022,Default,CROC CONTREV AC ZG 100X4 X2,croc-contrev-ac-zg-100x4-x2,BRICOLAGE,QUINCAILLERIE,NORAIL,3.25,10,G7,45,published,TRUE,TRUE,FALSE,
8717729112557,Default,ADAPTATEUR TUYAU 2 VOIES,adaptateur-tuyau-2-voies,JARDIN,ARROSAGE,ZENTRADA,3.25,23,H1,70,published,TRUE,TRUE,FALSE,
3700206403397,Default,SAC A JAMBON ETAMINE COTON ECRU 65 X 80 CM - LE PRATIQUE,sac-a-jambon-etamine-coton-ecru-65-x-80-cm-le-pratique,CONSERVERIE,ACCESSOIRES,CDP 2021,3.35,8,E2,60,published,TRUE,TRUE,FALSE,
3549900025487,Default,PLUVIOMETRE AVEC PIC,pluviometre-avec-pic,JARDIN,ACCESSOIRES,LEDUC LUBOT JANNY,3.35,16,A7,80,published,TRUE,TRUE,FALSE,
3167899031168,Default,PLATEAU JAR ROMEO TAUPE 40CM,plateau-jar-romeo-taupe-40cm,JARDIN,POTERIE PLASTIQUE,BRICODEAL,3.35,2,A4,100,published,TRUE,TRUE,FALSE,
3154550051320,Default,MAILLON A VISSER GALVA D 6 BL 2,maillon-a-visser-galva-d-6-bl-2,BRICOLAGE,QUINCAILLERIE,NORAIL 2020,3.39,4,G7,75,published,TRUE,TRUE,FALSE,
3274590083683,Default,TARG CLASS AC NK 35,targ-class-ac-nk-35,BRICOLAGE,QUINCAILLERIE,NORAIL,3.39,4,G7,60,published,TRUE,TRUE,FALSE,
3353090015421,Default,GANTS T7 NIRINE VIOLET,gants-t7-nirine-violet,JARDIN,GANTS ET PROTECTION,ROSTAING,3.39,1,A3,70,published,TRUE,TRUE,FALSE,
3261230504264,Default,CLIPS LOT DE 10,clips-lot-de-10,JARDIN,ACCESSOIRES,LEDUC LUBOT JANNY,3.40,15,H3,100,published,TRUE,TRUE,FALSE,
3600075904035,Default,COLLIER INOX 8MM 24/36,collier-inox-8mm-24-36,BRICOLAGE,QUINCAILLERIE,BRICODEAL,3.45,4,G9,30,published,TRUE,TRUE,FALSE,
8717729112632,Default,JEU DE CONNECTEURS 5 PCES,jeu-de-connecteurs-5-pces,JARDIN,ARROSAGE,ZENTRADA,3.45,11,H1,140,published,TRUE,TRUE,FALSE,
3580797135774,Default,SOUCOUPE RONDE 35 GRIS,soucoupe-ronde-35-gris,JARDIN,POTERIE PLASTIQUE,LEDUC LUBOT,3.45,14,A4,150,published,TRUE,TRUE,FALSE,
3549900030979,Default,THERMOMETRE PLASTIQUE 14 CM,thermometre-plastique-14-cm,JARDIN,ACCESSOIRES,LEDUC LUBOT JANNY,3.58,12,A5,30,published,TRUE,TRUE,FALSE,
3154551531241,Default,VIS TER INOX A2 5X60 BOX200,vis-ter-inox-a2-5x60-box200,BRICOLAGE,VISSERIE,NORAIL,24.65,1,A2,1350,published,TRUE,TRUE,FALSE,
2111113059057,Default,THERMOPEINT BIDON 1L,thermopeint-bidon-1l,APICULTURE,ACCESSOIRES,LA JOCONDIENNE,25.35,2,A3,1100,published,TRUE,TRUE,FALSE,
3700473313146,Default,PEINTURE RUCHE POURPRE 1L,peinture-ruche-pourpre-1l,APICULTURE,ACCESSOIRES,LA JOCONDIENNE,25.50,2,B2,1200,published,TRUE,TRUE,FALSE,
3700473313184,Default,PEINTURE RUCHE VERT,peinture-ruche-vert,APICULTURE,ACCESSOIRES,LA JOCONDIENNE,25.50,2,B2,1200,published,TRUE,TRUE,FALSE,
3700473313207,Default,PEINTURE RUCHE BLEU 1L,peinture-ruche-bleu-1l,APICULTURE,ACCESSOIRES,LA JOCONDIENNE,25.50,2,B2,1200,published,TRUE,TRUE,FALSE,
3700473313221,Default,PEINTURE RUCHE VIOLET 1L,peinture-ruche-violet-1l,APICULTURE,ACCESSOIRES,LA JOCONDIENNE,25.50,2,B2,1200,published,TRUE,TRUE,FALSE,
3700473313245,Default,PEINTURE RUCHE ANIS 1L,peinture-ruche-anis-1l,APICULTURE,ACCESSOIRES,LA JOCONDIENNE,25.50,1,B2,1200,published,TRUE,TRUE,FALSE,
3700473397405,Default,10 FEUILLES DE CIRE GAUFREE PR,10-feuilles-de-cire-gaufree-pr,APICULTURE,ACCESSOIRES,LA JOCONDIENNE,26.95,6,B4,1200,published,TRUE,TRUE,FALSE,
3700473397429,Default,20 FEUILLES DE CIRE 130 X410,20-feuilles-de-cire-130-x410,APICULTURE,ACCESSOIRES,LA JOCONDIENNE,26.95,10,B4,1200,published,TRUE,TRUE,FALSE,
3154551549437,Default,STARB TX INOX A2 5X40 BCBV 200,starb-tx-inox-a2-5x40-bcbv-200,BRICOLAGE,VISSERIE,NORAIL 2020,28.09,6,A2,900,published,TRUE,TRUE,FALSE,
3154551549482,Default,STARB TX INOX A2 6X60 BCBV 100,starb-tx-inox-a2-6x60-bcbv-100,BRICOLAGE,VISSERIE,NORAIL 2020,28.15,2,A2,850,published,TRUE,TRUE,FALSE,
8414685101433,Default,PULV. BERRY 5,pulv-berry-5,JARDIN,PULVERISATEURS,MATABI 2020,28.99,3,B6,1600,published,TRUE,TRUE,FALSE,
3354122030016,Default,GAZON RUSTIQUE ENRICHI 3KG,gazon-rustique-enrichi-3kg,JARDIN,GAZON,CATROS GERAND,28.35,2,C4,3200,published,TRUE,TRUE,FALSE,
3473831950344,Default,CERAMIQUE VESTE BICOLORE AUTHENTIC GRIS NUIT/NOIR T4,ceramique-veste-bicolore-authentic-gris-nuit-noir-t4,TEXTILE,VETEMENTS DE TRAVAIL,LMA LEBEURRE2021,31.95,1,F5,800,published,TRUE,TRUE,FALSE,
3473831950351,Default,VESTE CERAMIQUE RESINE T5,veste-ceramique-resine-t5,TEXTILE,VETEMENTS DE TRAVAIL,LMA LEBEURRE2021,31.95,1,F5,800,published,TRUE,TRUE,FALSE,
3473831875708,Default,VESTE PLUIE ORAGE,veste-pluie-orage,TEXTILE,VETEMENTS DE TRAVAIL,LMA LEBEURRE2021,32.25,1,F3,1300,published,TRUE,TRUE,FALSE,
3473832017855,Default,ORAGE VESTE DE PLUIE MARINE T6,orage-veste-de-pluie-marine-t6,TEXTILE,VETEMENTS DE TRAVAIL,LMA LEBEURRE2021,32.25,2,F3,1400,published,TRUE,TRUE,FALSE,
3473831895959,Default,SABLE BODYWARMER BICOLORE AUTHENTIC GRIS NUIT/NOIR T3,sable-bodywarmer-bicolore-authentic-gris-nuit-noir-t3,TEXTILE,VETEMENTS DE TRAVAIL,LMA LEBEURRE2021,32.65,1,F5,1100,published,TRUE,TRUE,FALSE,
3473832314183,Default,RESINE VESTE BICOLORE AUTHENTIC TAUPE/NOIR T4,resine-veste-bicolore-authentic-taupe-noir-t4,TEXTILE,VETEMENTS DE TRAVAIL,LMA LEBEURRE2021,32.65,1,F5,900,published,TRUE,TRUE,FALSE,
3473832314190,Default,RESINE VESTE BICOLORE AUTHENTIC TAUPE/NOIR T5,resine-veste-bicolore-authentic-taupe-noir-t5,TEXTILE,VETEMENTS DE TRAVAIL,LMA LEBEURRE2021,32.95,1,F5,900,published,TRUE,TRUE,FALSE,
3473832404051,Default,RACINE BODYWARMER BICOLORE AUTHENTIC TAUPE/NOIR T3,racine-bodywarmer-bicolore-authentic-taupe-noir-t3,TEXTILE,VETEMENTS DE TRAVAIL,LMA LEBEURRE2021,34.00,2,F4,1000,published,TRUE,TRUE,FALSE,
3473832404068,Default,RACINE BODYWARMER BICOLORE AUTHENTIC TAUPE/NOIR T4,racine-bodywarmer-bicolore-authentic-taupe-noir-t4,TEXTILE,VETEMENTS DE TRAVAIL,LMA LEBEURRE2021,34.00,2,F4,1000,published,TRUE,TRUE,FALSE,
3473832404075,Default,RACINE BODYWARMER BICOLORE AUTHENTIC TAUPE/NOIR T5,racine-bodywarmer-bicolore-authentic-taupe-noir-t5,TEXTILE,VETEMENTS DE TRAVAIL,LMA LEBEURRE2021,34.00,2,F4,1000,published,TRUE,TRUE,FALSE,
3473831895997,Default,SABLE BODYWARMER BICOLORE AUTHENTIC GRIS NUIT/NOIR T7,sable-bodywarmer-bicolore-authentic-gris-nuit-noir-t7,TEXTILE,VETEMENTS DE TRAVAIL,LMA LEBEURRE2021,35.45,1,F3,1100,published,TRUE,TRUE,FALSE,
3473831950375,Default,CERAMIQUE VESTE BICOLORE AUTHENTIC GRIS NUIT/NOIR T7,ceramique-veste-bicolore-authentic-gris-nuit-noir-t7,TEXTILE,VETEMENTS DE TRAVAIL,LMA LEBEURRE2021,35.79,1,F5,800,published,TRUE,TRUE,FALSE,
3087911476305,Default,PINCEAU RECHAMBI-MAT LASURE N3/0,pinceau-rechambi-mat-lasure-n3-0,BRICOLAGE,OUTILS,DOD,3.65,1,G7,40,published,TRUE,TRUE,FALSE,
2001001010065,Default,LAISSE VERTE 180,laisse-verte-180,ANIMALERIE,LAISSE,DIVERS,3.75,6,G0,100,published,TRUE,TRUE,FALSE,
3252446657226,Default,MASQUE PURAIR,masque-purair,BRICOLAGE,ACCESSOIRES,DIVERS,3.75,1,G6,60,published,TRUE,TRUE,FALSE,
3261230104969,Default,AGRAFES METALE PAR 20,agrafes-metale-par-20,JARDIN,ACCESSOIRES,LEDUC LUBOT JANNY,3.75,24,A5,500,published,TRUE,TRUE,FALSE,
3580798761774,Default,PLATEAU EVOLUTION 60 CM STONE,plateau-evolution-60-cm-stone,JARDIN,POTERIE PLASTIQUE,LEDUC LUBOT,3.75,5,A4,175,published,TRUE,TRUE,FALSE,
3353090089675,Default,GANTS T6 GARDEN NUDE,gants-t6-garden-nude,JARDIN,GANTS ET PROTECTION,ROSTAING,3.80,2,A3,150,published,TRUE,TRUE,FALSE,
3353090089682,Default,GANTS T7 GARDEN NUDE,gants-t7-garden-nude,JARDIN,GANTS ET PROTECTION,ROSTAING,3.80,3,A3,150,published,TRUE,TRUE,FALSE,
3353090089699,Default,GANTS T8 GARDEN NUDE,gants-t8-garden-nude,JARDIN,GANTS ET PROTECTION,ROSTAING,3.80,1,A3,150,published,TRUE,TRUE,FALSE,
3353090089644,Default,GANTS T9 GARDEN TRVX PRECIS LOOKE,gants-t9-garden-trvx-precis-looke,JARDIN,GANTS ET PROTECTION,ROSTAING,3.80,3,A4,80,published,TRUE,TRUE,FALSE,
3353090089651,Default,GANTS T10 GARDEN TRVX PRECIS LOOKE,gants-t10-garden-trvx-precis-looke,JARDIN,GANTS ET PROTECTION,ROSTAING,3.80,4,A4,80,published,TRUE,TRUE,FALSE,
3353090089668,Default,GANTS T11 GARDEN TRVX PRECIS LOOKE,gants-t11-garden-trvx-precis-looke,JARDIN,GANTS ET PROTECTION,ROSTAING,3.80,2,A4,100,published,TRUE,TRUE,FALSE,
2001001010881,Default,SEMENCE 4,semence-4,POTAGER,GRAINES POTAGERES,CATROS GERAND,3.35,33,F2,65,published,TRUE,TRUE,FALSE,
3700473392769,Default,NOURRISSEUR ROND 1L 200 MM,nourrisseur-rond-1l-200-mm,APICULTURE,ACCESSOIRES,LA JOCONDIENNE,3.90,5,A2,175,published,TRUE,TRUE,FALSE,
3087914504500,Default,PINCEAU PLAT BI-MAT LASURE T50,pinceau-plat-bi-mat-lasure-t50,BRICOLAGE,OUTILS,DOD,3.90,2,G7,70,published,TRUE,TRUE,FALSE,
3274590216234,Default,VERROU AUTO AC ZG B30,verrou-auto-ac-zg-b30,BRICOLAGE,QUINCAILLERIE,NORAIL,3.90,5,G7,95,published,TRUE,TRUE,FALSE,
3274590330428,Default,"CROC TABL AL 28L8, 0 BL10",croc-tabl-al-28l8-0-bl10,BRICOLAGE,QUINCAILLERIE,NORAIL,3.90,5,G7,30,published,TRUE,TRUE,FALSE,
8717344991131,Default,SECATEUR FLEUR DROIT,secateur-fleur-droit,JARDIN,ACCESSOIRES,ZENTRADA,3.90,10,D3,150,published,TRUE,TRUE,FALSE,
3353090099896,Default,GANTS T6 MULTI USAGE MIXT GRIP VERT,gants-t6-multi-usage-mixt-grip-vert,JARDIN,GANTS ET PROTECTION,ROSTAING,3.90,3,A3,100,published,TRUE,TRUE,FALSE,
3353090073193,Default,GANTS T9-10 TOUCH TRVX ABRAS. LEASH,gants-t9-10-touch-trvx-abras-leash,JARDIN,GANTS ET PROTECTION,ROSTAING,3.90,4,A4,100,published,TRUE,TRUE,FALSE,
3443440800316,Default,CHAPEAU PIED DE POTEAU 9X9,chapeau-pied-de-poteau-9x9,BRICOLAGE,QUINCAILLERIE,BURGER 2021,3.94,22,D3,135,published,TRUE,TRUE,FALSE,
3274590215084,Default,FERMOIR CADENAS 85 AC ZG,fermoir-cadenas-85-ac-zg,BRICOLAGE,QUINCAILLERIE,NORAIL,3.95,3,G7,70,published,TRUE,TRUE,FALSE,
3359192001362,Default,TUYAU D38 MM 1.5M,tuyau-d38-mm-1-5m,PISCINE,ACCESSOIRES,BRICODEAL,4.00,24,EXT,5000,published,TRUE,TRUE,FALSE,
3308083040027,Default,FOURMIS - POUDRE UTILISABLE A SEC OU MOUILLABLE (CYPERMETHRINE 1%) - POT DE 25,fourmis-poudre-utilisable-a-sec-ou-mouillable-cypermethrine-1-pot-de-25,ANTI NUISIBLES,INSECTICIDES,PROTECTA 2020,4.05,4,A6,320,published,TRUE,TRUE,FALSE,
3700206404394,Default,FICELLE LIN ECRU CHARCUTERIE 100 GR 90 M 2.0/2 - LE PRATIQUE,ficelle-lin-ecru-charcuterie-100-gr-90-m-2-0-2-le-pratique,CONSERVERIE,ACCESSOIRES,CDP 2021,4.10,2,D4,110,published,TRUE,TRUE,FALSE,
3353090620083,Default,GANTS T8 PRO PHYTO CHIMIE LONG,gants-t8-pro-phyto-chimie-long,JARDIN,GANTS ET PROTECTION,ROSTAING,4.20,1,A3,150,published,TRUE,TRUE,FALSE,
3353090620090,Default,GANTS T9 PRO PHYTO CHIMIE LONG,gants-t9-pro-phyto-chimie-long,JARDIN,GANTS ET PROTECTION,ROSTAING,4.20,5,A3,150,published,TRUE,TRUE,FALSE,
3353090620106,Default,GANTS T10 PRO PHYTO CHIMIE LONG,gants-t10-pro-phyto-chimie-long,JARDIN,GANTS ET PROTECTION,ROSTAING,4.20,5,A3,150,published,TRUE,TRUE,FALSE,
3549900017451,Default,GODETS DE GERMINATION CARRE PAR 15,godets-de-germination-carre-par-15,JARDIN,SEMIS,LEDUC LUBOT,4.20,17,C2,240,published,TRUE,TRUE,FALSE,
2001001010904,Default,HARICOT A,haricot-a,POTAGER,GRAINES POTAGERES,CATROS GERAND,3.70,2,F2,260,published,TRUE,TRUE,FALSE,
3167897531165,Default,PLATEAU JARD ROMEO GRIS 50CM,plateau-jard-romeo-gris-50cm,JARDIN,POTERIE PLASTIQUE,BRICODEAL,4.25,1,A4,150,published,TRUE,TRUE,FALSE,
3760167707941,Default,MOUSS EXPRESS 500,mouss-express-500,COMBUSTIBLE,ENTRETIEN,WOODSTOCK,4.30,218,C3,600,published,TRUE,TRUE,FALSE,
3444600860812,Default,LAMBOURDE CLASSE 4,lambourde-classe-4,JARDIN,AMENAGEMENT BOIS,BURGER 2021,4.35,7,EXT,4000,published,TRUE,TRUE,FALSE,
3700473316048,Default,POIGNEE CAISSE MUNITION LA PAI,poignee-caisse-munition-la-pai,APICULTURE,ACCESSOIRES,LA JOCONDIENNE,4.40,4,B3,360,published,TRUE,TRUE,FALSE,
2001001010898,Default,SEMENCE 5,semence-5,POTAGER,GRAINES POTAGERES,CATROS GERAND,3.90,3,F2,25,published,TRUE,TRUE,FALSE,
3760167707774,Default,ALLUME FEU 32 FAGOTS,allume-feu-32-fagots,COMBUSTIBLE,COMBUSTIBLE,WOODSTOCK,4.45,118,C4,600,published,TRUE,TRUE,FALSE,
3376471793330,Default,CHAUSSETTE DE TRAVAIL W79 46/48,chaussette-de-travail-w79-46-48,TEXTILE,"CHAUSSETTES, SEMELLES",BESNARD,4.45,6,G11,90,published,TRUE,TRUE,FALSE,
3376471793329,Default,CHAUSSETTE DE TRAVAIL W79 43/46,chaussette-de-travail-w79-43-46,TEXTILE,"CHAUSSETTES, SEMELLES",BESNARD,4.45,9,G11,90,published,TRUE,TRUE,FALSE,
3359192001782,Default,THERMOMETRE DE PISCINE,thermometre-de-piscine,PISCINE,ACCESSOIRES,BRICODEAL,4.54,2,G1,60,published,TRUE,TRUE,FALSE,
3154550196090,Default,TIREFOND ZINGUE CP 10 10X 80,tirefond-zingue-cp-10-10x-80,BRICOLAGE,VISSERIE,NORAIL 2020,4.59,19,G8,450,published,TRUE,TRUE,FALSE,
5021689019409,Default,BIBERON RONGEUR CLASSIC 1L,biberon-rongeur-classic-1l,BASSE COURS,ACCESSOIRES,LOOS ALIMENTS,4.60,3,G2,90,published,TRUE,TRUE,FALSE,
3700206404417,Default,FICELLE LIN BLANC CHARCUTERIE 100 GR 160 M 3.5/2 - LE PRATIQUE,ficelle-lin-blanc-charcuterie-100-gr-160-m-3-5-2-le-pratique,CONSERVERIE,ACCESSOIRES,CDP 2021,4.65,4,D4,115,published,TRUE,TRUE,FALSE,
3760167707781,Default,COPEAUX FUMAGE 1KG,copeaux-fumage-1kg,COMBUSTIBLE,COMBUSTIBLE,WOODSTOCK,4.70,8,C3,1100,published,TRUE,TRUE,FALSE,
3261230702004,Default,LIEN FLEXIBLE CAOUTCHOUC,lien-flexible-caoutchouc,JARDIN,ACCESSOIRES,LEDUC LUBOT JANNY,4.70,1,H1,175,published,TRUE,TRUE,FALSE,
8717729110546,Default,PULVE 1 LITRE HTE PRESSION,pulve-1-litre-hte-pression,JARDIN,ARROSAGE,ZENTRADA,4.70,7,E2,250,published,TRUE,TRUE,FALSE,
3087919050002,Default,LOT 5 PINCEAU PLAT POLY,lot-5-pinceau-plat-poly,BRICOLAGE,OUTILS,DOD,4.75,1,G7,150,published,TRUE,TRUE,FALSE,
3359192001003,Default,BROME CHOC PASTILLES 1 KG,brome-choc-pastilles-1-kg,PISCINE,ACCESSOIRES,BRICODEAL,36.10,2,G1,1100,published,TRUE,TRUE,FALSE,
3473831875692,Default,ORAGE VESTE DE PLUIE KAKI FONCE T6,orage-veste-de-pluie-kaki-fonce-t6,TEXTILE,VETEMENTS DE TRAVAIL,LMA LEBEURRE2021,36.15,1,F3,3500,published,TRUE,TRUE,FALSE,
3473832314206,Default,RESINE VESTE BICOLORE AUTHENTIC TAUPE/NOIR T6,resine-veste-bicolore-authentic-taupe-noir-t6,TEXTILE,VETEMENTS DE TRAVAIL,LMA LEBEURRE2021,36.90,1,F5,900,published,TRUE,TRUE,FALSE,
3308085020058,Default,DIFFUSEUR VOLANTS MARQUE PROTECTA - DIFFUSEUR PROGRAMMABLE A PILES POUR AEROSO,diffuseur-volants-marque-protecta-diffuseur-programmable-a-piles-pour-aeroso,ANTI NUISIBLES,INSECTICIDES,PROTECTA 2020,37.59,6,A6,450,published,TRUE,TRUE,FALSE,
3354122050014,Default,GAZON RUSTIQUE 5KG,gazon-rustique-5kg,JARDIN,GAZON,CATROS GERAND,42.10,1,C4,5300,published,TRUE,TRUE,FALSE,
3308083041116,Default,MOUCH’CLAC - FEUILLES ADHESIVES A RAIES ROUGES : ETUI DE 4 FEUILLES 30 X 10,mouchclac-feuilles-adhesives-a-raies-rouges-etui-de-4-feuilles-30-x-10,ANTI NUISIBLES,INSECTICIDES,PROTECTA 2020,4.95,6,D5,75,published,TRUE,TRUE,FALSE,
3274590083218,Default,TARG PEN PLAT AC ZG 30,targ-pen-plat-ac-zg-30,BRICOLAGE,QUINCAILLERIE,NORAIL,4.99,5,G7,90,published,TRUE,TRUE,FALSE,
3549900029102,Default,SAC A GRAVATS X5,sac-a-gravats-x5,JARDIN,ACCESSOIRES,LEDUC LUBOT JANNY,5.00,6,B1,500,published,TRUE,TRUE,FALSE,
3376472914617,Default,LOT DE 5 PAIRES DE CHAUSSETTE 39/42,lot-de-5-paires-de-chaussette-39-42,TEXTILE,"CHAUSSETTES, SEMELLES",BESNARD,5.00,4,G11,280,published,TRUE,TRUE,FALSE,
8033182029462,Default,CAILLOUX NOIR EBANO 12/16 MM 20 KG,cailloux-noir-ebano-12-16-mm-20-kg,JARDIN,DECORATION,GRANULATI ZANDOBBIO,5.20,19,EXT,25000,published,TRUE,TRUE,FALSE,
3261230100909,Default,FILETS DE PROTECTION,filets-de-protection,JARDIN,ACCESSOIRES,LEDUC LUBOT JANNY,5.25,20,H4,210,published,TRUE,TRUE,FALSE,
3353090078693,Default,GANTS T8 TOUCH DEMI-SAISON LEASH,gants-t8-touch-demi-saison-leash,JARDIN,GANTS ET PROTECTION,ROSTAING,5.25,1,A3,100,published,TRUE,TRUE,FALSE,
3353090078709,Default,GANTS T9 TOUCH DEMI-SAISON LEASH,gants-t9-touch-demi-saison-leash,JARDIN,GANTS ET PROTECTION,ROSTAING,5.25,3,A4,150,published,TRUE,TRUE,FALSE,
3353090078716,Default,GANTS T10 TOUCH DEMI-SAISON LEASH,gants-t10-touch-demi-saison-leash,JARDIN,GANTS ET PROTECTION,ROSTAING,5.25,1,A4,150,published,TRUE,TRUE,FALSE,
3700473311630,Default,NOURR PLAST ROND NICOT 3 KG,nourr-plast-rond-nicot-3-kg,APICULTURE,ACCESSOIRES,LA JOCONDIENNE,5.40,4,A2,300,published,TRUE,TRUE,FALSE,
3353090078471,Default,GANTS T4-6 ENF ETANCHE PAUME LEASH,gants-t4-6-enf-etanche-paume-leash,JARDIN,GANTS ET PROTECTION,ROSTAING,5.45,2,A3,100,published,TRUE,TRUE,FALSE,
3353090078488,Default,GANTS T6-8 ENF ETANCHE PAUME LEASH,gants-t6-8-enf-etanche-paume-leash,JARDIN,GANTS ET PROTECTION,ROSTAING,5.45,2,A3,100,published,TRUE,TRUE,FALSE,
3261230502307,Default,3 COLLIERS MOUSSE + FIL DE FER L.30CM,3-colliers-mousse-fil-de-fer-l-30cm,JARDIN,ACCESSOIRES,LEDUC LUBOT JANNY,5.50,7,H2,40,published,TRUE,TRUE,FALSE,
8721178202080,Default,SECATEUR REGLABLE 21CM,secateur-reglable-21cm,JARDIN,OUTILS DE JARDIN,ZENTRADA,5.50,9,D3,230,published,TRUE,TRUE,FALSE,
3039660991868,Default,COUVERCLES FW D 100 SACHET 6 - LE PARFAIT,couvercles-fw-d-100-sachet-6-le-parfait,CONSERVERIE,COUVERCLE,LEDUC LUBOT,5.60,1,D4,170,published,TRUE,TRUE,FALSE,
3167898631161,Default,JARDINIERE ROMEO TAUPE 40CM,jardiniere-romeo-taupe-40cm,JARDIN,POTERIE PLASTIQUE,BRICODEAL,5.65,3,B3,400,published,TRUE,TRUE,FALSE,
3283985045014,Default,GEB SO BLUE POT 250 ML,geb-so-blue-pot-250-ml,PISCINE,ACCESSOIRES,BRICODEAL,5.65,2,G1,280,published,TRUE,TRUE,FALSE,
3039660990274,Default,CAPSULES FW D 82 BLEUE - BOITE 12 - LE PARFAIT,capsules-fw-d-82-bleue-boite-12-le-parfait,CONSERVERIE,COUVERCLES,CDP 2021,5.75,2,D4,160,published,TRUE,TRUE,FALSE,
3154551096061,Default,SUPPORT A VISSER 7X7,support-a-visser-7x7,BRICOLAGE,QUINCAILLERIE,NORAIL,5.76,29,D3,930,published,TRUE,TRUE,FALSE,
3154551096078,Default,SUPPORT A VISSER 9 CM,support-a-visser-9-cm,BRICOLAGE,QUINCAILLERIE,NORAIL,5.85,25,E6,1100,published,TRUE,TRUE,FALSE,
3588900012738,Default,SEMELLE 4X4 T36,semelle-4x4-t36,TEXTILE,"CHAUSSETTES, SEMELLES",CLAIE SEMELLE,5.85,4,G10,55,published,TRUE,TRUE,FALSE,
3588900012739,Default,"CHAUSSETTES, SEMELLES T37",chaussettes-semelles-t37,TEXTILE,"CHAUSSETTES, SEMELLES",CLAIE SEMELLE,5.85,3,G10,55,published,TRUE,TRUE,FALSE,
3588900013025,Default,"CHAUSSETTES, SEMELLES T46",chaussettes-semelles-t46,TEXTILE,"CHAUSSETTES, SEMELLES",CLAIE SEMELLE,5.85,1,G10,55,published,TRUE,TRUE,FALSE,
3588900012737,Default,"CHAUSSETTES, SEMELLES T38",chaussettes-semelles-t38,TEXTILE,"CHAUSSETTES, SEMELLES",CLAIE SEMELLE,5.85,5,G10,55,published,TRUE,TRUE,FALSE,
3588900012736,Default,"CHAUSSETTES, SEMELLES T39",chaussettes-semelles-t39,TEXTILE,"CHAUSSETTES, SEMELLES",CLAIE SEMELLE,5.85,2,G10,55,published,TRUE,TRUE,FALSE,
3588900013001,Default,"CHAUSSETTES, SEMELLES T40",chaussettes-semelles-t40,TEXTILE,"CHAUSSETTES, SEMELLES",CLAIE SEMELLE,5.85,1,G10,55,published,TRUE,TRUE,FALSE,
3588900012735,Default,"CHAUSSETTES, SEMELLES T42",chaussettes-semelles-t42,TEXTILE,"CHAUSSETTES, SEMELLES",CLAIE SEMELLE,5.85,7,G10,55,published,TRUE,TRUE,FALSE,
3588900012734,Default,"CHAUSSETTES, SEMELLES T41",chaussettes-semelles-t41,TEXTILE,"CHAUSSETTES, SEMELLES",CLAIE SEMELLE,5.85,4,G10,55,published,TRUE,TRUE,FALSE,
3700473325064,Default,HERSE SIMPLEX INOX 21 POINTES,herse-simplex-inox-21-pointes,APICULTURE,ACCESSOIRES,LA JOCONDIENNE,5.89,1,B3,60,published,TRUE,TRUE,FALSE,
3700473315775,Default,BROSSE CRIN,brosse-crin,APICULTURE,ACCESSOIRES,LA JOCONDIENNE,5.90,2,B3,150,published,TRUE,TRUE,FALSE,
3283981272902,Default,KIT REPARATION LINER,kit-reparation-liner,PISCINE,ACCESSOIRES,BRICODEAL,5.95,2,G1,60,published,TRUE,TRUE,FALSE,
3600077086364,Default,TUYAU NEO CONFORT D19 X 25M,tuyau-neo-confort-d19-x-25m,JARDIN,ARROSAGE,BRICODEAL,48.30,1,D5,5500,published,TRUE,TRUE,FALSE,
3353090015759,Default,GANTS T8 - 10°C MILIEU HUMIDE GRIP,gants-t8-10c-milieu-humide-grip,JARDIN,GANTS ET PROTECTION,ROSTAING,6.05,3,A3,200,published,TRUE,TRUE,FALSE,
3274590122603,Default,CHARN DEGON 60X60 ZG X2,charn-degon-60x60-zg-x2,BRICOLAGE,QUINCAILLERIE,NORAIL,6.25,5,G8,180,published,TRUE,TRUE,FALSE,
2001001010928,Default,HARICOT C,haricot-c,POTAGER,GRAINES POTAGERES,CATROS GERAND,5.50,4,F2,240,published,TRUE,TRUE,FALSE,
3359192001379,Default,EMBOUT TUYAU D38,embout-tuyau-d38,PISCINE,ACCESSOIRES,BRICODEAL,6.30,2,G1,50,published,TRUE,TRUE,FALSE,
3353090089828,Default,GANTS T6 GARDEN PETITES EPINES,gants-t6-garden-petites-epines,JARDIN,GANTS ET PROTECTION,ROSTAING,6.35,4,A4,150,published,TRUE,TRUE,FALSE,
3353090089835,Default,GANTS T7 GARDEN PETITES EPINES,gants-t7-garden-petites-epines,JARDIN,GANTS ET PROTECTION,ROSTAING,6.35,1,A3,150,published,TRUE,TRUE,FALSE,
3353090089859,Default,GANTS T9 GARDEN PETITES EPINES,gants-t9-garden-petites-epines,JARDIN,GANTS ET PROTECTION,ROSTAING,6.35,1,A3,150,published,TRUE,TRUE,FALSE,
3700206403458,Default,"FILET ELASTIQUE ROTI, SAUCISSON… 10 M - LE PRATIQUE",filet-elastique-roti-saucisson-10-m-le-pratique,CONSERVERIE,ACCESSOIRES,CDP 2021,6.60,8,E2,120,published,TRUE,TRUE,FALSE,
3308087000102,Default,"GUEPES - PIEGE A GUEPES & FRELONS - VOLUME 2,4 LITRES (BICOLORE)",guepes-piege-a-guepes-frelons-volume-2-4-litres-bicolore,ANTI NUISIBLES,INSECTICIDES,PROTECTA 2020,6.65,2,H2,380,published,TRUE,TRUE,FALSE,
3167897131167,Default,JARDINIERE ROMEO GRIS 50 CM,jardiniere-romeo-gris-50-cm,JARDIN,POTERIE PLASTIQUE,BRICODEAL,6.65,2,B3,480,published,TRUE,TRUE,FALSE,
3700473312392,Default,FIL INOX 250 GR,fil-inox-250-gr,APICULTURE,ACCESSOIRES,LA JOCONDIENNE,6.75,1,B3,280,published,TRUE,TRUE,FALSE,
3600070981512,Default,PISTOLET PRIMEO JET PROGRES,pistolet-primeo-jet-progres,JARDIN,ARROSAGE,BRICODEAL,6.79,2,H8,190,published,TRUE,TRUE,FALSE,
3700473316178,Default,PANNEAU TRIANGLE,panneau-triangle,APICULTURE,ACCESSOIRES,LA JOCONDIENNE,6.80,9,A3,120,published,TRUE,TRUE,FALSE,
3086960027506,Default,ARROSOIR 3 L,arrosoir-3-l,JARDIN,ARROSAGE,LEDUC LUBOT,6.80,4,C1,320,published,TRUE,TRUE,FALSE,
806802810751,Default,PIEGE TAP TRAP LE SACHET DE 5,piege-tap-trap-le-sachet-de-5,APICULTURE,ACCESSOIRES,LA JOCONDIENNE,6.90,3,B4,220,published,TRUE,TRUE,FALSE,
8435039999537,Default,ABREUVOIR VOLAILLE 5L,abreuvoir-volaille-5l,BASSE COURS,ACCESSOIRES,LOOS ALIMENTS,6.90,2,G3,330,published,TRUE,TRUE,FALSE,
8051560242821,Default,JARDINIERE BIRKA SOUCOUP TAUPE 50 CM,jardiniere-birka-soucoup-taupe-50-cm,JARDIN,POTERIE PLASTIQUE,BRICODEAL,6.99,2,B3,480,published,TRUE,TRUE,FALSE,
8051560242791,Default,JARDINIERE BIRKA SOUCOUP GRIS 50 CM,jardiniere-birka-soucoup-gris-50-cm,JARDIN,POTERIE PLASTIQUE,BRICODEAL,6.99,2,B3,480,published,TRUE,TRUE,FALSE,
3760059708957,Default,BARRIERE A LIMACES 5 KG,barriere-a-limaces-5-kg,ANTI NUISIBLES,LIMACES,START 2021,7.00,8,E1,5200,published,TRUE,TRUE,FALSE,
3661521111223,Default,ADDICT LASURE GLYCERO 0L75 CHENE,addict-lasure-glycero-0l75-chene,BRICOLAGE,LASURE,DOD,7.00,2,E4,930,published,TRUE,TRUE,FALSE,
3661521111247,Default,ADDICT LASURE GLYCERO 0L75 CH CLAIR,addict-lasure-glycero-0l75-ch-clair,BRICOLAGE,LASURE,DOD,7.00,2,E4,920,published,TRUE,TRUE,FALSE,
3087918376189,Default,RLX SOFT P.FLUIDE,rlx-soft-p-fluide,BRICOLAGE,OUTILS,DOD,7.10,2,G7,280,published,TRUE,TRUE,FALSE,
3283981272834,Default,RUBAN ANTI FUITE,ruban-anti-fuite,PISCINE,ACCESSOIRES,BRICODEAL,7.10,2,G1,70,published,TRUE,TRUE,FALSE,
3760059706601,Default,ANTI FOURMIS POUDRE LOT DE 4 BOITES  ACETAMIPRIDE LOT  4X10GR,anti-fourmis-poudre-lot-de-4-boites-acetamipride-lot-4x10gr,ANTI NUISIBLES,INSECTICIDES,START 2021,7.15,4,A6,750,published,TRUE,TRUE,FALSE,
3760167707934,Default,SCIURE DE FUMAGE,sciure-de-fumage,COMBUSTIBLE,COMBUSTIBLE,WOODSTOCK,7.15,10,C3,1100,published,TRUE,TRUE,FALSE,
3359192001645,Default,BROSSE LIGNE D EAU,brosse-ligne-d-eau,PISCINE,ACCESSOIRES,BRICODEAL,7.15,2,G1,60,published,TRUE,TRUE,FALSE,
3473831819702,Default,PREVENTION PARKA 4EN1 HAUTE VISIBILITE ORANGE FLUO/MARINE T5,prevention-parka-4en1-haute-visibilite-orange-fluo-marine-t5,TEXTILE,VETEMENTS DE TRAVAIL,LMA LEBEURRE2021,67.50,1,F4,2000,published,TRUE,TRUE,FALSE,
3354120584986,Default,GAZON PRAIRIE 5KG,gazon-prairie-5kg,JARDIN,GAZON,CATROS GERAND,61.90,2,C4,5200,published,TRUE,TRUE,FALSE,
3660231402867,Default,CHLORE POT 5 KG,chlore-pot-5-kg,PISCINE,ACCESSOIRES,BRICODEAL,71.15,2,G1,5500,published,TRUE,TRUE,FALSE,
3443440290049,Default,SUPPORT A ENFONCER 9 CM,support-a-enfoncer-9-cm,BRICOLAGE,QUINCAILLERIE,NORAIL,7.30,7,E6,1900,published,TRUE,TRUE,FALSE,
3157334590008,Default,PLANTOIR A BULBE AUTOMATIQUE,plantoir-a-bulbe-automatique,JARDIN,OUTILS JARDIN,LEBORGNE 2021,7.30,1,G6,340,published,TRUE,TRUE,FALSE,
3366440001142,Default,NASSE A RAT 1 ENTREE  DIMENSIONS 28X10X10 CM,nasse-a-rat-1-entree-dimensions-28x10x10-cm,ANTI NUISIBLES,PIEGE,MASY 2020,7.35,4,D3,300,published,TRUE,TRUE,FALSE,
3086960275037,Default,ARROSOIR LONG BEC 2 L,arrosoir-long-bec-2-l,JARDIN,ARROSAGE,BRICODEAL,7.39,3,C1,190,published,TRUE,TRUE,FALSE,
3308089200265,Default,VOLANT - RAMPANT 500 ML,volant-rampant-500-ml,ANTI NUISIBLES,INSECTICIDES,PROTECTA 2020,7.50,8,A6,480,published,TRUE,TRUE,FALSE,
3338020013869,Default,MANGEOIRE LAPIN 1 COMPARTIMENT AVEC COUVERCLE,mangeoire-lapin-1-compartiment-avec-couvercle,BASSE COURS,ACCESSOIRES,LOOS ALIMENTS,7.50,1,G2,380,published,TRUE,TRUE,FALSE,
3261230401709,Default,SAC DE JARDIN  80L,sac-de-jardin-80l,JARDIN,ACCESSOIRES,LEDUC LUBOT JANNY,7.50,4,F3,450,published,TRUE,TRUE,FALSE,
3376471039946,Default,LOT DE 3 PAIRES DE CHAUSETTES 39/42,lot-de-3-paires-de-chausettes-39-42,TEXTILE,"CHAUSSETTES, SEMELLES",BESNARD,7.50,1,G11,295,published,TRUE,TRUE,FALSE,
3308089200418,Default,SPRAY ANTI FOURMIS,spray-anti-fourmis,ANTI NUISIBLES,INSECTICIDES,PROTECTA 2020,7.54,1,A6,850,published,TRUE,TRUE,FALSE,
3154550922422,Default,"CRAMPILLONS 4,5X40 BRQ1KG *",crampillons-4-5x40-brq1kg,BRICOLAGE,QUINCAILLERIE,NORAIL 2020,7.59,2,B2,1100,published,TRUE,TRUE,FALSE,
8719274349839,Default,TUYAU EXTENSIBLE 10M,tuyau-extensible-10m,JARDIN,ARROSAGE,ZENTRADA,7.59,6,A1,450,published,TRUE,TRUE,FALSE,
3700206403267,Default,SACS SOUS VIDE GAUFFRES 20 X 30 CM - POCHE DE 50 SACS - LE PRATIQUE,sacs-sous-vide-gauffres-20-x-30-cm-poche-de-50-sacs-le-pratique,CONSERVERIE,ACCESSOIRES,CDP 2021,7.60,43,E5,490,published,TRUE,TRUE,FALSE,
3760059702337,Default,REPULSIF LIMACES ET ESCARGOTS 400G,repulsif-limaces-et-escargots-400g,ANTI NUISIBLES,LIMACES,START 2021,7.65,18,E3,550,published,TRUE,TRUE,FALSE,
3700473353654,Default,LEVE CADRE PINCE BEESTRONG,leve-cadre-pince-beestrong,APICULTURE,ACCESSOIRES,LA JOCONDIENNE,7.65,2,B3,310,published,TRUE,TRUE,FALSE,
8718026589691,Default,DOUCHE VEGETALE 75CM 9 POSITIO,douche-vegetale-75cm-9-positio,JARDIN,ARROSAGE,ZENTRADA,7.85,5,H1,250,published,TRUE,TRUE,FALSE,
3308083010013,Default,RATS-SOURIS : PIEGES ENGLUES JETABLES GRAND FORMAT  (19 X 29 CM) CONTRE RONGEU,rats-souris-pieges-englues-jetables-grand-format-19-x-29-cm-contre-rongeu,ANTI NUISIBLES,PIEGE,PROTECTA 2020,7.95,8,E4,390,published,TRUE,TRUE,FALSE,
3700186302406,Default,BALAI CANTONNIER 33CM,balai-cantonnier-33cm,BRICOLAGE,ACCESSOIRES,DOD,7.95,1,D3,990,published,TRUE,TRUE,FALSE,
2001001010935,Default,HARICOT D,haricot-d,POTAGER,GRAINES POTAGERES,CATROS GERAND,7.10,6,F2,260,published,TRUE,TRUE,FALSE,
3490570500180,Default,DESINCRUSTANT PROPOLIS 500 ML,desincrustant-propolis-500-ml,APICULTURE,ACCESSOIRES,LA JOCONDIENNE,8.14,2,A4,650,published,TRUE,TRUE,FALSE,
3354122010018,Default,GAZON RUSTIQUE ENRICHI 1KG,gazon-rustique-enrichi-1kg,JARDIN,GAZON,CATROS GERAND,7.55,3,D2,1200,published,TRUE,TRUE,FALSE,
3154551549635,Default,SUPP U TIGE REGL 65-130 210X70X65X20,supp-u-tige-regl-65-130-210x70x65x20,BRICOLAGE,QUINCAILLERIE,NORAIL 2020,8.25,8,E2,1350,published,TRUE,TRUE,FALSE,
3274590122610,Default,CHARN DEGON 70X70 ZC X2,charn-degon-70x70-zc-x2,BRICOLAGE,QUINCAILLERIE,NORAIL,8.30,3,G8,250,published,TRUE,TRUE,FALSE,
8721178200291,Default,TUYAU ARROS SPIRALE 10 M AVEC,tuyau-arros-spirale-10-m-avec,JARDIN,ARROSAGE,ZENTRADA,8.30,5,A1,700,published,TRUE,TRUE,FALSE,
3700473336381,Default,250 G RESERVE 228 TO63 LE PACK,250-g-reserve-228-to63-le-pack,APICULTURE,ACCESSOIRES,LA JOCONDIENNE,8.35,4,B2,2700,published,TRUE,TRUE,FALSE,
3354122050700,Default,GAZON OMBRE SEMENCE PURE 5KG,gazon-ombre-semence-pure-5kg,JARDIN,GAZON,CATROS GERAND,68.00,1,C4,5300,published,TRUE,TRUE,FALSE,
3700242100946,Default,JERRICAN A BEC VERSEUR BEC HYDRO,jerrican-a-bec-verseur-bec-hydro,BRICOLAGE,ACCESSOIRES,BELLI JARDIN,8.55,3,B1,450,published,TRUE,TRUE,FALSE,
3600070987453,Default,SELECTEUR 2 VOIES SOLUSPLIT,selecteur-2-voies-solusplit,JARDIN,ARROSAGE,BRICODEAL,8.60,1,H8,160,published,TRUE,TRUE,FALSE,
3490570500326,Default,NETTOYANT MIELLERIE 1L,nettoyant-miellerie-1l,APICULTURE,ACCESSOIRES,LA JOCONDIENNE,8.65,2,B4,1050,published,TRUE,TRUE,FALSE,
8717344998482,Default,SET ARROSAGE 15M,set-arrosage-15m,JARDIN,ARROSAGE,ZENTRADA,8.70,4,F1,1550,published,TRUE,TRUE,FALSE,
8721178200697,Default,HACHETTE 1KG,hachette-1kg,JARDIN,OUTILS DE JARDIN,ZENTRADA,8.70,1,G6,1300,published,TRUE,TRUE,FALSE,
3039660990328,Default,CAPSULES FW D 100 VERTE - BOITE 12 - LE PARFAIT (LA PLUS VENDUE),capsules-fw-d-100-verte-boite-12-le-parfait-la-plus-vendue,CONSERVERIE,COUVERCLE,LEDUC LUBOT,8.75,1,D4,230,published,TRUE,TRUE,FALSE,
3102123356532,Default,ULTRA NET EN 5 LITRES,ultra-net-en-5-litres,BRICOLAGE,DECAPANT,GAMA 29,8.80,2,E4,5200,published,TRUE,TRUE,FALSE,
3308086100117,Default,MOUCHES - RECHARGE APPATS HYDROSOLUBLES - RECHARGE APPAT BOITE ET SAC : ETUI,mouches-recharge-appats-hydrosolubles-recharge-appat-boite-et-sac-etui,ANTI NUISIBLES,INSECTICIDES,PROTECTA 2020,8.85,1,D4,80,published,TRUE,TRUE,FALSE,
3353090089811,Default,GANTS T10 GARDEN PETITE EPINE LONG,gants-t10-garden-petite-epine-long,JARDIN,GANTS ET PROTECTION,ROSTAING,8.85,3,A3,250,published,TRUE,TRUE,FALSE,
3700186302383,Default,BALAI BALDOZER 32 CM PLASTIQ,balai-baldozer-32-cm-plastiq,BRICOLAGE,ACCESSOIRES,DOD,9.15,1,D3,1000,published,TRUE,TRUE,FALSE,
8711500128911,Default,LAMPE INFRA-ROUGE ECO 100W,lampe-infra-rouge-eco-100w,BASSE COURS,ACCESSOIRES,LOOS ALIMENTS,9.24,1,H3,380,published,TRUE,TRUE,FALSE,
3261230110328,Default,BACHE  BOIS 110G/M2 6X1.5M,bache-bois-110g-m2-6x1-5m,JARDIN,ACCESSOIRES,LEDUC LUBOT JANNY,9.30,1,A1,1000,published,TRUE,TRUE,FALSE,
3700473312972,Default,EPERON BLOC,eperon-bloc,APICULTURE,ACCESSOIRES,LA JOCONDIENNE,9.35,4,B3,60,published,TRUE,TRUE,FALSE,
3700473313122,Default,HUILE DE LIN BIDON 1L,huile-de-lin-bidon-1l,APICULTURE,ACCESSOIRES,LA JOCONDIENNE,9.45,2,A2,1100,published,TRUE,TRUE,FALSE,
3600070981529,Default,PISTOLET PRIMEO A POMME,pistolet-primeo-a-pomme,JARDIN,ARROSAGE,BRICODEAL,9.50,1,H8,220,published,TRUE,TRUE,FALSE,
3154550216972,Default,GOUJON ANCRAGE CP 10 10X 95,goujon-ancrage-cp-10-10x-95,BRICOLAGE,QUINCAILLERIE,NORAIL 2020,9.65,3,G8,610,published,TRUE,TRUE,FALSE,
3308087000140,Default,GUEPES - AEROSOL 750 ML,guepes-aerosol-750-ml,ANTI NUISIBLES,INSECTICIDES,PROTECTA 2020,9.75,2,A6,650,published,TRUE,TRUE,FALSE,
3308087000010,Default,GUEPES - AEROSOL MOUSSE SPECIAL NIDS 750 ML,guepes-aerosol-mousse-special-nids-750-ml,ANTI NUISIBLES,INSECTICIDES,PROTECTA 2020,10.20,25,A6,850,published,TRUE,TRUE,FALSE,
3760059709145,Default,TERRE DE DIATOMEE   - SEAU DE 2 KG,terre-de-diatomee-seau-de-2-kg,ANTI NUISIBLES,TRAITEMENT,START 2021,10.35,6,E3,2200,published,TRUE,TRUE,FALSE,
3700473303383,Default,ROULETTE ZIG ZAG MANCHE BOIS,roulette-zig-zag-manche-bois,APICULTURE,ACCESSOIRES,LA JOCONDIENNE,10.40,1,B3,200,published,TRUE,TRUE,FALSE,
3661521137841,Default,ADDICT SATURATEUR  1L INCOLORE,addict-saturateur-1l-incolore,BRICOLAGE,SATURATEUR,DOD,10.45,3,E4,1150,published,TRUE,TRUE,FALSE,
8720195792802,Default,TUYAU DE TREMPAGE 10M,tuyau-de-trempage-10m,JARDIN,ARROSAGE,ZENTRADA,10.45,6,A1,900,published,TRUE,TRUE,FALSE,
3252445250206,Default,LUNETTE ATTACK,lunette-attack,BRICOLAGE,ACCESSOIRES,DIVERS,10.50,1,G6,120,published,TRUE,TRUE,FALSE,
2001001010959,Default,HARICOT F,haricot-f,POTAGER,GRAINES POTAGERES,CATROS GERAND,9.40,2,F2,140,published,TRUE,TRUE,FALSE,
3154550922415,Default,"CRAMPILLONS 3,5X35 BRQ1KG *",crampillons-3-5x35-brq1kg,BRICOLAGE,QUINCAILLERIE,NORAIL 2020,10.70,1,B2,1100,published,TRUE,TRUE,FALSE,
3354122100016,Default,GAZON RUSTIQUE ENRICHI EN 10 KG,gazon-rustique-enrichi-en-10-kg,JARDIN,GAZON,CATROS GERAND,92.85,2,C4,10500,published,TRUE,TRUE,FALSE,
3700206403274,Default,SACS SOUS VIDE GAUFFRES 25 X 35 CM - POCHE DE 50 SACS - LE PRATIQUE,sacs-sous-vide-gauffres-25-x-35-cm-poche-de-50-sacs-le-pratique,CONSERVERIE,ACCESSOIRES,CDP 2021,10.90,3,E2,750,published,TRUE,TRUE,FALSE,
3660291002199,Default,MANGEOIRE LAPIN DOUBLE,mangeoire-lapin-double,BASSE COURS,ACCESSOIRES,LOOS ALIMENTS,11.10,1,G2,780,published,TRUE,TRUE,FALSE,
3086960012540,Default,RAMPE MOBILE ARROSOIRE,rampe-mobile-arrosoire,JARDIN,ARROSAGE,BRICODEAL,11.10,1,H6,110,published,TRUE,TRUE,FALSE,
8414685101570,Default,"PULV. BERRY 1,5",pulv-berry-1-5,JARDIN,PULVERISATEURS,MATABI 2020,11.10,5,E2,340,published,TRUE,TRUE,FALSE,
3660231353800,Default,TROUSSE ANALYSE,trousse-analyse,PISCINE,ACCESSOIRES,BRICODEAL,11.10,2,G1,60,published,TRUE,TRUE,FALSE,
3413703263509,Default,CRAMPILLON GALV 2.7X27 BTE 1KG,crampillon-galv-2-7x27-bte-1kg,BRICOLAGE,QUINCAILLERIE,BRICODEAL,11.15,2,B2,1100,published,TRUE,TRUE,FALSE,
3549900017024,Default,VOILE D HIVERNAGE ROULEAU 2X10M,voile-d-hivernage-rouleau-2x10m,JARDIN,ACCESSOIRES,LEDUC LUBOT JANNY,11.20,1,A7,1200,published,TRUE,TRUE,FALSE,
8435039009243,Default,ABREUVOIR VOLAILLE LUXE,abreuvoir-volaille-luxe,BASSE COURS,ACCESSOIRES,LOOS ALIMENTS,11.25,1,G3,780,published,TRUE,TRUE,FALSE,
3354120155124,Default,MELANGE FLEIRE JACHERES COURTES 100G,melange-fleire-jacheres-courtes-100g,JARDIN,GRAINES FLORALES,CATROS GERAND,9.90,1,F2,380,published,TRUE,TRUE,FALSE,
3600078860475,Default,PISTOLET ARROS IDEO JET ABS,pistolet-arros-ideo-jet-abs,JARDIN,ARROSAGE,BRICODEAL,11.55,1,H8,260,published,TRUE,TRUE,FALSE,
3154551522874,Default,VIS STARBLOCK TX 5 X 60 BC250,vis-starblock-tx-5-x-60-bc250,BRICOLAGE,VISSERIE,NORAIL 2020,11.90,1,A2,1350,published,TRUE,TRUE,FALSE,
8711500575203,Default,LAMPE INFRA-ROUGE 150 W ROUGE,lampe-infra-rouge-150-w-rouge,BASSE COURS,ACCESSOIRES,LOOS ALIMENTS,11.95,12,H2,170,published,TRUE,TRUE,FALSE,
